run,experiment_name,dataset,split,attack_type,seed,rounds,validator_count,threshold,byzantine_validators,valid_block_finalization_rate,mean_valid_verification_time_ms,scenario,invalid_block_rejection_rate,invalid_block_acceptance_rate,tampered_blocks,mean_invalid_verification_time_ms
core_cifar10_iid_adaptive_scaling_proposed_s42_20260607_200333,core_cifar10_iid_adaptive_scaling_proposed_s42,CIFAR10,IID,adaptive_scaling,42,120,5,3,0,1.0,1.2893158333705894,score_tamper,1.0,0.0,120,0.28709500074910466
core_cifar10_iid_adaptive_scaling_proposed_s42_20260607_200333,core_cifar10_iid_adaptive_scaling_proposed_s42,CIFAR10,IID,adaptive_scaling,42,120,5,3,0,1.0,1.2893158333705894,weight_tamper,1.0,0.0,120,0.28775000003709766
core_cifar10_iid_adaptive_scaling_proposed_s42_20260607_200333,core_cifar10_iid_adaptive_scaling_proposed_s42,CIFAR10,IID,adaptive_scaling,42,120,5,3,0,1.0,1.2893158333705894,client_weight_tamper,1.0,0.0,120,0.283079999887074
core_cifar10_iid_adaptive_scaling_proposed_s42_20260607_200333,core_cifar10_iid_adaptive_scaling_proposed_s42,CIFAR10,IID,adaptive_scaling,42,120,5,3,0,1.0,1.2893158333705894,model_hash_tamper,1.0,0.0,120,0.28275333243072964
core_cifar10_iid_adaptive_scaling_proposed_s42_20260607_200333,core_cifar10_iid_adaptive_scaling_proposed_s42,CIFAR10,IID,adaptive_scaling,42,120,5,3,0,1.0,1.2893158333705894,previous_hash_tamper,1.0,0.0,120,0.008267499651992694
core_cifar10_iid_adaptive_scaling_proposed_s42_20260607_200333,core_cifar10_iid_adaptive_scaling_proposed_s42,CIFAR10,IID,adaptive_scaling,42,120,5,3,0,1.0,1.2893158333705894,omit_client,1.0,0.0,120,0.28049250019345584
core_cifar10_iid_adaptive_scaling_proposed_s42_20260607_200333,core_cifar10_iid_adaptive_scaling_proposed_s42,CIFAR10,IID,adaptive_scaling,42,120,5,3,0,1.0,1.2893158333705894,fake_client,1.0,0.0,120,0.29589083327058086
core_cifar10_iid_adaptive_scaling_proposed_s42_20260607_200333,core_cifar10_iid_adaptive_scaling_proposed_s42,CIFAR10,IID,adaptive_scaling,42,120,5,3,0,1.0,1.2893158333705894,client_signature_tamper,1.0,0.0,120,1.0225783330194342
core_cifar10_iid_adaptive_scaling_proposed_s42_20260607_200333,core_cifar10_iid_adaptive_scaling_proposed_s42,CIFAR10,IID,adaptive_scaling,42,120,5,3,0,1.0,1.2893158333705894,payload_hash_tamper,1.0,0.0,120,0.2846033336633506
core_cifar10_iid_backdoor_proposed_s42_20260607_231921,core_cifar10_iid_backdoor_proposed_s42,CIFAR10,IID,backdoor,42,120,5,3,0,1.0,1.2494758329315423,score_tamper,1.0,0.0,120,0.2848241674655583
core_cifar10_iid_backdoor_proposed_s42_20260607_231921,core_cifar10_iid_backdoor_proposed_s42,CIFAR10,IID,backdoor,42,120,5,3,0,1.0,1.2494758329315423,weight_tamper,1.0,0.0,120,0.2850424999148042
core_cifar10_iid_backdoor_proposed_s42_20260607_231921,core_cifar10_iid_backdoor_proposed_s42,CIFAR10,IID,backdoor,42,120,5,3,0,1.0,1.2494758329315423,client_weight_tamper,1.0,0.0,120,0.28567750050569884
core_cifar10_iid_backdoor_proposed_s42_20260607_231921,core_cifar10_iid_backdoor_proposed_s42,CIFAR10,IID,backdoor,42,120,5,3,0,1.0,1.2494758329315423,model_hash_tamper,1.0,0.0,120,0.2776883333960237
core_cifar10_iid_backdoor_proposed_s42_20260607_231921,core_cifar10_iid_backdoor_proposed_s42,CIFAR10,IID,backdoor,42,120,5,3,0,1.0,1.2494758329315423,previous_hash_tamper,1.0,0.0,120,0.008655833153170533
core_cifar10_iid_backdoor_proposed_s42_20260607_231921,core_cifar10_iid_backdoor_proposed_s42,CIFAR10,IID,backdoor,42,120,5,3,0,1.0,1.2494758329315423,omit_client,1.0,0.0,120,0.2831799996783957
core_cifar10_iid_backdoor_proposed_s42_20260607_231921,core_cifar10_iid_backdoor_proposed_s42,CIFAR10,IID,backdoor,42,120,5,3,0,1.0,1.2494758329315423,fake_client,1.0,0.0,120,0.28943999980886775
core_cifar10_iid_backdoor_proposed_s42_20260607_231921,core_cifar10_iid_backdoor_proposed_s42,CIFAR10,IID,backdoor,42,120,5,3,0,1.0,1.2494758329315423,client_signature_tamper,1.0,0.0,120,1.021141666448481
core_cifar10_iid_backdoor_proposed_s42_20260607_231921,core_cifar10_iid_backdoor_proposed_s42,CIFAR10,IID,backdoor,42,120,5,3,0,1.0,1.2494758329315423,payload_hash_tamper,1.0,0.0,120,0.2799783326433195
core_cifar10_iid_sign_flip_proposed_s42_20260607_153042,core_cifar10_iid_sign_flip_proposed_s42,CIFAR10,IID,sign_flip,42,120,5,3,0,1.0,1.2409908338061844,score_tamper,1.0,0.0,120,0.2800550002575619
core_cifar10_iid_sign_flip_proposed_s42_20260607_153042,core_cifar10_iid_sign_flip_proposed_s42,CIFAR10,IID,sign_flip,42,120,5,3,0,1.0,1.2409908338061844,weight_tamper,1.0,0.0,120,0.2796816669918674
core_cifar10_iid_sign_flip_proposed_s42_20260607_153042,core_cifar10_iid_sign_flip_proposed_s42,CIFAR10,IID,sign_flip,42,120,5,3,0,1.0,1.2409908338061844,client_weight_tamper,1.0,0.0,120,0.2777308331133099
core_cifar10_iid_sign_flip_proposed_s42_20260607_153042,core_cifar10_iid_sign_flip_proposed_s42,CIFAR10,IID,sign_flip,42,120,5,3,0,1.0,1.2409908338061844,model_hash_tamper,1.0,0.0,120,0.27883499933523126
core_cifar10_iid_sign_flip_proposed_s42_20260607_153042,core_cifar10_iid_sign_flip_proposed_s42,CIFAR10,IID,sign_flip,42,120,5,3,0,1.0,1.2409908338061844,previous_hash_tamper,1.0,0.0,120,0.008959999953124981
core_cifar10_iid_sign_flip_proposed_s42_20260607_153042,core_cifar10_iid_sign_flip_proposed_s42,CIFAR10,IID,sign_flip,42,120,5,3,0,1.0,1.2409908338061844,omit_client,1.0,0.0,120,0.27680833227350377
core_cifar10_iid_sign_flip_proposed_s42_20260607_153042,core_cifar10_iid_sign_flip_proposed_s42,CIFAR10,IID,sign_flip,42,120,5,3,0,1.0,1.2409908338061844,fake_client,1.0,0.0,120,0.29375166656488244
core_cifar10_iid_sign_flip_proposed_s42_20260607_153042,core_cifar10_iid_sign_flip_proposed_s42,CIFAR10,IID,sign_flip,42,120,5,3,0,1.0,1.2409908338061844,client_signature_tamper,1.0,0.0,120,1.0241708339890465
core_cifar10_iid_sign_flip_proposed_s42_20260607_153042,core_cifar10_iid_sign_flip_proposed_s42,CIFAR10,IID,sign_flip,42,120,5,3,0,1.0,1.2409908338061844,payload_hash_tamper,1.0,0.0,120,0.28313249955923914
core_cifar10_noniid_adaptive_scaling_proposed_s42_20260608_053913,core_cifar10_noniid_adaptive_scaling_proposed_s42,CIFAR10,Non-IID,adaptive_scaling,42,120,5,3,0,1.0,1.2859541669361836,score_tamper,1.0,0.0,120,0.29127249945304357
core_cifar10_noniid_adaptive_scaling_proposed_s42_20260608_053913,core_cifar10_noniid_adaptive_scaling_proposed_s42,CIFAR10,Non-IID,adaptive_scaling,42,120,5,3,0,1.0,1.2859541669361836,weight_tamper,1.0,0.0,120,0.29722583324958884
core_cifar10_noniid_adaptive_scaling_proposed_s42_20260608_053913,core_cifar10_noniid_adaptive_scaling_proposed_s42,CIFAR10,Non-IID,adaptive_scaling,42,120,5,3,0,1.0,1.2859541669361836,client_weight_tamper,1.0,0.0,120,0.2895116660511121
core_cifar10_noniid_adaptive_scaling_proposed_s42_20260608_053913,core_cifar10_noniid_adaptive_scaling_proposed_s42,CIFAR10,Non-IID,adaptive_scaling,42,120,5,3,0,1.0,1.2859541669361836,model_hash_tamper,1.0,0.0,120,0.2885450000273219
core_cifar10_noniid_adaptive_scaling_proposed_s42_20260608_053913,core_cifar10_noniid_adaptive_scaling_proposed_s42,CIFAR10,Non-IID,adaptive_scaling,42,120,5,3,0,1.0,1.2859541669361836,previous_hash_tamper,1.0,0.0,120,0.008485832828834344
core_cifar10_noniid_adaptive_scaling_proposed_s42_20260608_053913,core_cifar10_noniid_adaptive_scaling_proposed_s42,CIFAR10,Non-IID,adaptive_scaling,42,120,5,3,0,1.0,1.2859541669361836,omit_client,1.0,0.0,120,0.2863325004000217
core_cifar10_noniid_adaptive_scaling_proposed_s42_20260608_053913,core_cifar10_noniid_adaptive_scaling_proposed_s42,CIFAR10,Non-IID,adaptive_scaling,42,120,5,3,0,1.0,1.2859541669361836,fake_client,1.0,0.0,120,0.30420166585827246
core_cifar10_noniid_adaptive_scaling_proposed_s42_20260608_053913,core_cifar10_noniid_adaptive_scaling_proposed_s42,CIFAR10,Non-IID,adaptive_scaling,42,120,5,3,0,1.0,1.2859541669361836,client_signature_tamper,1.0,0.0,120,1.0683791665845395
core_cifar10_noniid_adaptive_scaling_proposed_s42_20260608_053913,core_cifar10_noniid_adaptive_scaling_proposed_s42,CIFAR10,Non-IID,adaptive_scaling,42,120,5,3,0,1.0,1.2859541669361836,payload_hash_tamper,1.0,0.0,120,0.2922883331242095
core_cifar10_noniid_adaptive_scaling_proposed_s43_20260608_191335,core_cifar10_noniid_adaptive_scaling_proposed_s43,CIFAR10,Non-IID,adaptive_scaling,43,120,5,3,0,1.0,1.2726116668394145,score_tamper,1.0,0.0,120,0.28807749986299314
core_cifar10_noniid_adaptive_scaling_proposed_s43_20260608_191335,core_cifar10_noniid_adaptive_scaling_proposed_s43,CIFAR10,Non-IID,adaptive_scaling,43,120,5,3,0,1.0,1.2726116668394145,weight_tamper,1.0,0.0,120,0.2919275006812919
core_cifar10_noniid_adaptive_scaling_proposed_s43_20260608_191335,core_cifar10_noniid_adaptive_scaling_proposed_s43,CIFAR10,Non-IID,adaptive_scaling,43,120,5,3,0,1.0,1.2726116668394145,client_weight_tamper,1.0,0.0,120,0.2910224987620798
core_cifar10_noniid_adaptive_scaling_proposed_s43_20260608_191335,core_cifar10_noniid_adaptive_scaling_proposed_s43,CIFAR10,Non-IID,adaptive_scaling,43,120,5,3,0,1.0,1.2726116668394145,model_hash_tamper,1.0,0.0,120,0.294676666817395
core_cifar10_noniid_adaptive_scaling_proposed_s43_20260608_191335,core_cifar10_noniid_adaptive_scaling_proposed_s43,CIFAR10,Non-IID,adaptive_scaling,43,120,5,3,0,1.0,1.2726116668394145,previous_hash_tamper,1.0,0.0,120,0.00848333305233003
core_cifar10_noniid_adaptive_scaling_proposed_s43_20260608_191335,core_cifar10_noniid_adaptive_scaling_proposed_s43,CIFAR10,Non-IID,adaptive_scaling,43,120,5,3,0,1.0,1.2726116668394145,omit_client,1.0,0.0,120,0.2849233342809991
core_cifar10_noniid_adaptive_scaling_proposed_s43_20260608_191335,core_cifar10_noniid_adaptive_scaling_proposed_s43,CIFAR10,Non-IID,adaptive_scaling,43,120,5,3,0,1.0,1.2726116668394145,fake_client,1.0,0.0,120,0.30806250021366094
core_cifar10_noniid_adaptive_scaling_proposed_s43_20260608_191335,core_cifar10_noniid_adaptive_scaling_proposed_s43,CIFAR10,Non-IID,adaptive_scaling,43,120,5,3,0,1.0,1.2726116668394145,client_signature_tamper,1.0,0.0,120,1.0415433332430741
core_cifar10_noniid_adaptive_scaling_proposed_s43_20260608_191335,core_cifar10_noniid_adaptive_scaling_proposed_s43,CIFAR10,Non-IID,adaptive_scaling,43,120,5,3,0,1.0,1.2726116668394145,payload_hash_tamper,1.0,0.0,120,0.28723083366154845
core_cifar10_noniid_adaptive_scaling_proposed_s44_20260609_085226,core_cifar10_noniid_adaptive_scaling_proposed_s44,CIFAR10,Non-IID,adaptive_scaling,44,120,5,3,0,1.0,1.3046283336734632,score_tamper,1.0,0.0,120,0.29643000064728164
core_cifar10_noniid_adaptive_scaling_proposed_s44_20260609_085226,core_cifar10_noniid_adaptive_scaling_proposed_s44,CIFAR10,Non-IID,adaptive_scaling,44,120,5,3,0,1.0,1.3046283336734632,weight_tamper,1.0,0.0,120,0.2933024995096882
core_cifar10_noniid_adaptive_scaling_proposed_s44_20260609_085226,core_cifar10_noniid_adaptive_scaling_proposed_s44,CIFAR10,Non-IID,adaptive_scaling,44,120,5,3,0,1.0,1.3046283336734632,client_weight_tamper,1.0,0.0,120,0.2994725006525793
core_cifar10_noniid_adaptive_scaling_proposed_s44_20260609_085226,core_cifar10_noniid_adaptive_scaling_proposed_s44,CIFAR10,Non-IID,adaptive_scaling,44,120,5,3,0,1.0,1.3046283336734632,model_hash_tamper,1.0,0.0,120,0.29418000037064
core_cifar10_noniid_adaptive_scaling_proposed_s44_20260609_085226,core_cifar10_noniid_adaptive_scaling_proposed_s44,CIFAR10,Non-IID,adaptive_scaling,44,120,5,3,0,1.0,1.3046283336734632,previous_hash_tamper,1.0,0.0,120,0.008454166648637814
core_cifar10_noniid_adaptive_scaling_proposed_s44_20260609_085226,core_cifar10_noniid_adaptive_scaling_proposed_s44,CIFAR10,Non-IID,adaptive_scaling,44,120,5,3,0,1.0,1.3046283336734632,omit_client,1.0,0.0,120,0.2893550001317635
core_cifar10_noniid_adaptive_scaling_proposed_s44_20260609_085226,core_cifar10_noniid_adaptive_scaling_proposed_s44,CIFAR10,Non-IID,adaptive_scaling,44,120,5,3,0,1.0,1.3046283336734632,fake_client,1.0,0.0,120,0.3075024994662575
core_cifar10_noniid_adaptive_scaling_proposed_s44_20260609_085226,core_cifar10_noniid_adaptive_scaling_proposed_s44,CIFAR10,Non-IID,adaptive_scaling,44,120,5,3,0,1.0,1.3046283336734632,client_signature_tamper,1.0,0.0,120,1.0465524996106979
core_cifar10_noniid_adaptive_scaling_proposed_s44_20260609_085226,core_cifar10_noniid_adaptive_scaling_proposed_s44,CIFAR10,Non-IID,adaptive_scaling,44,120,5,3,0,1.0,1.3046283336734632,payload_hash_tamper,1.0,0.0,120,0.297763334189464
core_cifar10_noniid_backdoor_proposed_s42_20260608_094139,core_cifar10_noniid_backdoor_proposed_s42,CIFAR10,Non-IID,backdoor,42,120,5,3,0,1.0,1.2901599995529978,score_tamper,1.0,0.0,120,0.29637083365135675
core_cifar10_noniid_backdoor_proposed_s42_20260608_094139,core_cifar10_noniid_backdoor_proposed_s42,CIFAR10,Non-IID,backdoor,42,120,5,3,0,1.0,1.2901599995529978,weight_tamper,1.0,0.0,120,0.2908800001023337
core_cifar10_noniid_backdoor_proposed_s42_20260608_094139,core_cifar10_noniid_backdoor_proposed_s42,CIFAR10,Non-IID,backdoor,42,120,5,3,0,1.0,1.2901599995529978,client_weight_tamper,1.0,0.0,120,0.29939000063071336
core_cifar10_noniid_backdoor_proposed_s42_20260608_094139,core_cifar10_noniid_backdoor_proposed_s42,CIFAR10,Non-IID,backdoor,42,120,5,3,0,1.0,1.2901599995529978,model_hash_tamper,1.0,0.0,120,0.2924125002512786
core_cifar10_noniid_backdoor_proposed_s42_20260608_094139,core_cifar10_noniid_backdoor_proposed_s42,CIFAR10,Non-IID,backdoor,42,120,5,3,0,1.0,1.2901599995529978,previous_hash_tamper,1.0,0.0,120,0.008658333172206767
core_cifar10_noniid_backdoor_proposed_s42_20260608_094139,core_cifar10_noniid_backdoor_proposed_s42,CIFAR10,Non-IID,backdoor,42,120,5,3,0,1.0,1.2901599995529978,omit_client,1.0,0.0,120,0.283639166567203
core_cifar10_noniid_backdoor_proposed_s42_20260608_094139,core_cifar10_noniid_backdoor_proposed_s42,CIFAR10,Non-IID,backdoor,42,120,5,3,0,1.0,1.2901599995529978,fake_client,1.0,0.0,120,0.30183416686971515
core_cifar10_noniid_backdoor_proposed_s42_20260608_094139,core_cifar10_noniid_backdoor_proposed_s42,CIFAR10,Non-IID,backdoor,42,120,5,3,0,1.0,1.2901599995529978,client_signature_tamper,1.0,0.0,120,1.0492883336458665
core_cifar10_noniid_backdoor_proposed_s42_20260608_094139,core_cifar10_noniid_backdoor_proposed_s42,CIFAR10,Non-IID,backdoor,42,120,5,3,0,1.0,1.2901599995529978,payload_hash_tamper,1.0,0.0,120,0.2921891677639602
core_cifar10_noniid_backdoor_proposed_s43_20260608_225347,core_cifar10_noniid_backdoor_proposed_s43,CIFAR10,Non-IID,backdoor,43,120,5,3,0,1.0,1.2868700004522302,score_tamper,1.0,0.0,120,0.29034749944306293
core_cifar10_noniid_backdoor_proposed_s43_20260608_225347,core_cifar10_noniid_backdoor_proposed_s43,CIFAR10,Non-IID,backdoor,43,120,5,3,0,1.0,1.2868700004522302,weight_tamper,1.0,0.0,120,0.2878549997452258
core_cifar10_noniid_backdoor_proposed_s43_20260608_225347,core_cifar10_noniid_backdoor_proposed_s43,CIFAR10,Non-IID,backdoor,43,120,5,3,0,1.0,1.2868700004522302,client_weight_tamper,1.0,0.0,120,0.2912474993839472
core_cifar10_noniid_backdoor_proposed_s43_20260608_225347,core_cifar10_noniid_backdoor_proposed_s43,CIFAR10,Non-IID,backdoor,43,120,5,3,0,1.0,1.2868700004522302,model_hash_tamper,1.0,0.0,120,0.2869208331200449
core_cifar10_noniid_backdoor_proposed_s43_20260608_225347,core_cifar10_noniid_backdoor_proposed_s43,CIFAR10,Non-IID,backdoor,43,120,5,3,0,1.0,1.2868700004522302,previous_hash_tamper,1.0,0.0,120,0.008340000567841344
core_cifar10_noniid_backdoor_proposed_s43_20260608_225347,core_cifar10_noniid_backdoor_proposed_s43,CIFAR10,Non-IID,backdoor,43,120,5,3,0,1.0,1.2868700004522302,omit_client,1.0,0.0,120,0.2833983346742267
core_cifar10_noniid_backdoor_proposed_s43_20260608_225347,core_cifar10_noniid_backdoor_proposed_s43,CIFAR10,Non-IID,backdoor,43,120,5,3,0,1.0,1.2868700004522302,fake_client,1.0,0.0,120,0.30176333323955384
core_cifar10_noniid_backdoor_proposed_s43_20260608_225347,core_cifar10_noniid_backdoor_proposed_s43,CIFAR10,Non-IID,backdoor,43,120,5,3,0,1.0,1.2868700004522302,client_signature_tamper,1.0,0.0,120,1.0457641669442335
core_cifar10_noniid_backdoor_proposed_s43_20260608_225347,core_cifar10_noniid_backdoor_proposed_s43,CIFAR10,Non-IID,backdoor,43,120,5,3,0,1.0,1.2868700004522302,payload_hash_tamper,1.0,0.0,120,0.28653333332234376
core_cifar10_noniid_backdoor_proposed_s44_20260609_123103,core_cifar10_noniid_backdoor_proposed_s44,CIFAR10,Non-IID,backdoor,44,120,5,3,0,1.0,1.2827916673510724,score_tamper,1.0,0.0,120,0.2921291657306332
core_cifar10_noniid_backdoor_proposed_s44_20260609_123103,core_cifar10_noniid_backdoor_proposed_s44,CIFAR10,Non-IID,backdoor,44,120,5,3,0,1.0,1.2827916673510724,weight_tamper,1.0,0.0,120,0.29164999941713177
core_cifar10_noniid_backdoor_proposed_s44_20260609_123103,core_cifar10_noniid_backdoor_proposed_s44,CIFAR10,Non-IID,backdoor,44,120,5,3,0,1.0,1.2827916673510724,client_weight_tamper,1.0,0.0,120,0.2874049998354167
core_cifar10_noniid_backdoor_proposed_s44_20260609_123103,core_cifar10_noniid_backdoor_proposed_s44,CIFAR10,Non-IID,backdoor,44,120,5,3,0,1.0,1.2827916673510724,model_hash_tamper,1.0,0.0,120,0.2873391664858597
core_cifar10_noniid_backdoor_proposed_s44_20260609_123103,core_cifar10_noniid_backdoor_proposed_s44,CIFAR10,Non-IID,backdoor,44,120,5,3,0,1.0,1.2827916673510724,previous_hash_tamper,1.0,0.0,120,0.0088324998311388
core_cifar10_noniid_backdoor_proposed_s44_20260609_123103,core_cifar10_noniid_backdoor_proposed_s44,CIFAR10,Non-IID,backdoor,44,120,5,3,0,1.0,1.2827916673510724,omit_client,1.0,0.0,120,0.28612750041550805
core_cifar10_noniid_backdoor_proposed_s44_20260609_123103,core_cifar10_noniid_backdoor_proposed_s44,CIFAR10,Non-IID,backdoor,44,120,5,3,0,1.0,1.2827916673510724,fake_client,1.0,0.0,120,0.3019083338585915
core_cifar10_noniid_backdoor_proposed_s44_20260609_123103,core_cifar10_noniid_backdoor_proposed_s44,CIFAR10,Non-IID,backdoor,44,120,5,3,0,1.0,1.2827916673510724,client_signature_tamper,1.0,0.0,120,1.0371933328618372
core_cifar10_noniid_backdoor_proposed_s44_20260609_123103,core_cifar10_noniid_backdoor_proposed_s44,CIFAR10,Non-IID,backdoor,44,120,5,3,0,1.0,1.2827916673510724,payload_hash_tamper,1.0,0.0,120,0.2902399987457708
core_cifar10_noniid_sign_flip_proposed_s42_20260608_020850,core_cifar10_noniid_sign_flip_proposed_s42,CIFAR10,Non-IID,sign_flip,42,120,5,3,0,1.0,1.269785833331601,score_tamper,1.0,0.0,120,0.2925999996174748
core_cifar10_noniid_sign_flip_proposed_s42_20260608_020850,core_cifar10_noniid_sign_flip_proposed_s42,CIFAR10,Non-IID,sign_flip,42,120,5,3,0,1.0,1.269785833331601,weight_tamper,1.0,0.0,120,0.28559833287242026
core_cifar10_noniid_sign_flip_proposed_s42_20260608_020850,core_cifar10_noniid_sign_flip_proposed_s42,CIFAR10,Non-IID,sign_flip,42,120,5,3,0,1.0,1.269785833331601,client_weight_tamper,1.0,0.0,120,0.2855766671321665
core_cifar10_noniid_sign_flip_proposed_s42_20260608_020850,core_cifar10_noniid_sign_flip_proposed_s42,CIFAR10,Non-IID,sign_flip,42,120,5,3,0,1.0,1.269785833331601,model_hash_tamper,1.0,0.0,120,0.288373333629958
core_cifar10_noniid_sign_flip_proposed_s42_20260608_020850,core_cifar10_noniid_sign_flip_proposed_s42,CIFAR10,Non-IID,sign_flip,42,120,5,3,0,1.0,1.269785833331601,previous_hash_tamper,1.0,0.0,120,0.008443333717877977
core_cifar10_noniid_sign_flip_proposed_s42_20260608_020850,core_cifar10_noniid_sign_flip_proposed_s42,CIFAR10,Non-IID,sign_flip,42,120,5,3,0,1.0,1.269785833331601,omit_client,1.0,0.0,120,0.2758283325723217
core_cifar10_noniid_sign_flip_proposed_s42_20260608_020850,core_cifar10_noniid_sign_flip_proposed_s42,CIFAR10,Non-IID,sign_flip,42,120,5,3,0,1.0,1.269785833331601,fake_client,1.0,0.0,120,0.2945500006414174
core_cifar10_noniid_sign_flip_proposed_s42_20260608_020850,core_cifar10_noniid_sign_flip_proposed_s42,CIFAR10,Non-IID,sign_flip,42,120,5,3,0,1.0,1.269785833331601,client_signature_tamper,1.0,0.0,120,1.0282283335982356
core_cifar10_noniid_sign_flip_proposed_s42_20260608_020850,core_cifar10_noniid_sign_flip_proposed_s42,CIFAR10,Non-IID,sign_flip,42,120,5,3,0,1.0,1.269785833331601,payload_hash_tamper,1.0,0.0,120,0.28436749998945743
core_cifar10_noniid_sign_flip_proposed_s43_20260608_153742,core_cifar10_noniid_sign_flip_proposed_s43,CIFAR10,Non-IID,sign_flip,43,120,5,3,0,1.0,1.268628333248974,score_tamper,1.0,0.0,120,0.2878783330136988
core_cifar10_noniid_sign_flip_proposed_s43_20260608_153742,core_cifar10_noniid_sign_flip_proposed_s43,CIFAR10,Non-IID,sign_flip,43,120,5,3,0,1.0,1.268628333248974,weight_tamper,1.0,0.0,120,0.2853858333158617
core_cifar10_noniid_sign_flip_proposed_s43_20260608_153742,core_cifar10_noniid_sign_flip_proposed_s43,CIFAR10,Non-IID,sign_flip,43,120,5,3,0,1.0,1.268628333248974,client_weight_tamper,1.0,0.0,120,0.28659083363891114
core_cifar10_noniid_sign_flip_proposed_s43_20260608_153742,core_cifar10_noniid_sign_flip_proposed_s43,CIFAR10,Non-IID,sign_flip,43,120,5,3,0,1.0,1.268628333248974,model_hash_tamper,1.0,0.0,120,0.2821099996557071
core_cifar10_noniid_sign_flip_proposed_s43_20260608_153742,core_cifar10_noniid_sign_flip_proposed_s43,CIFAR10,Non-IID,sign_flip,43,120,5,3,0,1.0,1.268628333248974,previous_hash_tamper,1.0,0.0,120,0.00828166642653135
core_cifar10_noniid_sign_flip_proposed_s43_20260608_153742,core_cifar10_noniid_sign_flip_proposed_s43,CIFAR10,Non-IID,sign_flip,43,120,5,3,0,1.0,1.268628333248974,omit_client,1.0,0.0,120,0.27599916684266645
core_cifar10_noniid_sign_flip_proposed_s43_20260608_153742,core_cifar10_noniid_sign_flip_proposed_s43,CIFAR10,Non-IID,sign_flip,43,120,5,3,0,1.0,1.268628333248974,fake_client,1.0,0.0,120,0.29215083401747205
core_cifar10_noniid_sign_flip_proposed_s43_20260608_153742,core_cifar10_noniid_sign_flip_proposed_s43,CIFAR10,Non-IID,sign_flip,43,120,5,3,0,1.0,1.268628333248974,client_signature_tamper,1.0,0.0,120,1.0204849999960668
core_cifar10_noniid_sign_flip_proposed_s43_20260608_153742,core_cifar10_noniid_sign_flip_proposed_s43,CIFAR10,Non-IID,sign_flip,43,120,5,3,0,1.0,1.268628333248974,payload_hash_tamper,1.0,0.0,120,0.2838724996157301
core_cifar10_noniid_sign_flip_proposed_s44_20260609_043500,core_cifar10_noniid_sign_flip_proposed_s44,CIFAR10,Non-IID,sign_flip,44,120,5,3,0,1.0,1.2671774997822165,score_tamper,1.0,0.0,120,0.2837733330428212
core_cifar10_noniid_sign_flip_proposed_s44_20260609_043500,core_cifar10_noniid_sign_flip_proposed_s44,CIFAR10,Non-IID,sign_flip,44,120,5,3,0,1.0,1.2671774997822165,weight_tamper,1.0,0.0,120,0.2833116669838394
core_cifar10_noniid_sign_flip_proposed_s44_20260609_043500,core_cifar10_noniid_sign_flip_proposed_s44,CIFAR10,Non-IID,sign_flip,44,120,5,3,0,1.0,1.2671774997822165,client_weight_tamper,1.0,0.0,120,0.28180166700622067
core_cifar10_noniid_sign_flip_proposed_s44_20260609_043500,core_cifar10_noniid_sign_flip_proposed_s44,CIFAR10,Non-IID,sign_flip,44,120,5,3,0,1.0,1.2671774997822165,model_hash_tamper,1.0,0.0,120,0.2827758327233217
core_cifar10_noniid_sign_flip_proposed_s44_20260609_043500,core_cifar10_noniid_sign_flip_proposed_s44,CIFAR10,Non-IID,sign_flip,44,120,5,3,0,1.0,1.2671774997822165,previous_hash_tamper,1.0,0.0,120,0.0083024991909042
core_cifar10_noniid_sign_flip_proposed_s44_20260609_043500,core_cifar10_noniid_sign_flip_proposed_s44,CIFAR10,Non-IID,sign_flip,44,120,5,3,0,1.0,1.2671774997822165,omit_client,1.0,0.0,120,0.2767983332887525
core_cifar10_noniid_sign_flip_proposed_s44_20260609_043500,core_cifar10_noniid_sign_flip_proposed_s44,CIFAR10,Non-IID,sign_flip,44,120,5,3,0,1.0,1.2671774997822165,fake_client,1.0,0.0,120,0.296570000621917
core_cifar10_noniid_sign_flip_proposed_s44_20260609_043500,core_cifar10_noniid_sign_flip_proposed_s44,CIFAR10,Non-IID,sign_flip,44,120,5,3,0,1.0,1.2671774997822165,client_signature_tamper,1.0,0.0,120,1.0222350001034406
core_cifar10_noniid_sign_flip_proposed_s44_20260609_043500,core_cifar10_noniid_sign_flip_proposed_s44,CIFAR10,Non-IID,sign_flip,44,120,5,3,0,1.0,1.2671774997822165,payload_hash_tamper,1.0,0.0,120,0.28102166700894793
core_fashionmnist_iid_adaptive_scaling_proposed_s42_20260607_103256,core_fashionmnist_iid_adaptive_scaling_proposed_s42,FashionMNIST,IID,adaptive_scaling,42,80,5,3,0,1.0,1.2775700002748636,score_tamper,1.0,0.0,80,0.29399999966699397
core_fashionmnist_iid_adaptive_scaling_proposed_s42_20260607_103256,core_fashionmnist_iid_adaptive_scaling_proposed_s42,FashionMNIST,IID,adaptive_scaling,42,80,5,3,0,1.0,1.2775700002748636,weight_tamper,1.0,0.0,80,0.2903550004702993
core_fashionmnist_iid_adaptive_scaling_proposed_s42_20260607_103256,core_fashionmnist_iid_adaptive_scaling_proposed_s42,FashionMNIST,IID,adaptive_scaling,42,80,5,3,0,1.0,1.2775700002748636,client_weight_tamper,1.0,0.0,80,0.29104499972163467
core_fashionmnist_iid_adaptive_scaling_proposed_s42_20260607_103256,core_fashionmnist_iid_adaptive_scaling_proposed_s42,FashionMNIST,IID,adaptive_scaling,42,80,5,3,0,1.0,1.2775700002748636,model_hash_tamper,1.0,0.0,80,0.29271250023157336
core_fashionmnist_iid_adaptive_scaling_proposed_s42_20260607_103256,core_fashionmnist_iid_adaptive_scaling_proposed_s42,FashionMNIST,IID,adaptive_scaling,42,80,5,3,0,1.0,1.2775700002748636,previous_hash_tamper,1.0,0.0,80,0.008324999544129241
core_fashionmnist_iid_adaptive_scaling_proposed_s42_20260607_103256,core_fashionmnist_iid_adaptive_scaling_proposed_s42,FashionMNIST,IID,adaptive_scaling,42,80,5,3,0,1.0,1.2775700002748636,omit_client,1.0,0.0,80,0.29377500013652025
core_fashionmnist_iid_adaptive_scaling_proposed_s42_20260607_103256,core_fashionmnist_iid_adaptive_scaling_proposed_s42,FashionMNIST,IID,adaptive_scaling,42,80,5,3,0,1.0,1.2775700002748636,fake_client,1.0,0.0,80,0.3105612504441524
core_fashionmnist_iid_adaptive_scaling_proposed_s42_20260607_103256,core_fashionmnist_iid_adaptive_scaling_proposed_s42,FashionMNIST,IID,adaptive_scaling,42,80,5,3,0,1.0,1.2775700002748636,client_signature_tamper,1.0,0.0,80,1.0542599997279467
core_fashionmnist_iid_adaptive_scaling_proposed_s42_20260607_103256,core_fashionmnist_iid_adaptive_scaling_proposed_s42,FashionMNIST,IID,adaptive_scaling,42,80,5,3,0,1.0,1.2775700002748636,payload_hash_tamper,1.0,0.0,80,0.2908537495386554
core_fashionmnist_iid_adaptive_scaling_proposed_s43_20260607_103519,core_fashionmnist_iid_adaptive_scaling_proposed_s43,FashionMNIST,IID,adaptive_scaling,43,80,5,3,0,1.0,1.2841412499255966,score_tamper,1.0,0.0,80,0.29016250064159976
core_fashionmnist_iid_adaptive_scaling_proposed_s43_20260607_103519,core_fashionmnist_iid_adaptive_scaling_proposed_s43,FashionMNIST,IID,adaptive_scaling,43,80,5,3,0,1.0,1.2841412499255966,weight_tamper,1.0,0.0,80,0.2896275002058246
core_fashionmnist_iid_adaptive_scaling_proposed_s43_20260607_103519,core_fashionmnist_iid_adaptive_scaling_proposed_s43,FashionMNIST,IID,adaptive_scaling,43,80,5,3,0,1.0,1.2841412499255966,client_weight_tamper,1.0,0.0,80,0.28822874955949374
core_fashionmnist_iid_adaptive_scaling_proposed_s43_20260607_103519,core_fashionmnist_iid_adaptive_scaling_proposed_s43,FashionMNIST,IID,adaptive_scaling,43,80,5,3,0,1.0,1.2841412499255966,model_hash_tamper,1.0,0.0,80,0.2882249995309394
core_fashionmnist_iid_adaptive_scaling_proposed_s43_20260607_103519,core_fashionmnist_iid_adaptive_scaling_proposed_s43,FashionMNIST,IID,adaptive_scaling,43,80,5,3,0,1.0,1.2841412499255966,previous_hash_tamper,1.0,0.0,80,0.008288749995699618
core_fashionmnist_iid_adaptive_scaling_proposed_s43_20260607_103519,core_fashionmnist_iid_adaptive_scaling_proposed_s43,FashionMNIST,IID,adaptive_scaling,43,80,5,3,0,1.0,1.2841412499255966,omit_client,1.0,0.0,80,0.2846650000719819
core_fashionmnist_iid_adaptive_scaling_proposed_s43_20260607_103519,core_fashionmnist_iid_adaptive_scaling_proposed_s43,FashionMNIST,IID,adaptive_scaling,43,80,5,3,0,1.0,1.2841412499255966,fake_client,1.0,0.0,80,0.2982487514600507
core_fashionmnist_iid_adaptive_scaling_proposed_s43_20260607_103519,core_fashionmnist_iid_adaptive_scaling_proposed_s43,FashionMNIST,IID,adaptive_scaling,43,80,5,3,0,1.0,1.2841412499255966,client_signature_tamper,1.0,0.0,80,1.052512500245939
core_fashionmnist_iid_adaptive_scaling_proposed_s43_20260607_103519,core_fashionmnist_iid_adaptive_scaling_proposed_s43,FashionMNIST,IID,adaptive_scaling,43,80,5,3,0,1.0,1.2841412499255966,payload_hash_tamper,1.0,0.0,80,0.29593000035674777
core_fashionmnist_iid_adaptive_scaling_proposed_s44_20260607_103754,core_fashionmnist_iid_adaptive_scaling_proposed_s44,FashionMNIST,IID,adaptive_scaling,44,80,5,3,0,1.0,1.2669624999034568,score_tamper,1.0,0.0,80,0.2964712490211241
core_fashionmnist_iid_adaptive_scaling_proposed_s44_20260607_103754,core_fashionmnist_iid_adaptive_scaling_proposed_s44,FashionMNIST,IID,adaptive_scaling,44,80,5,3,0,1.0,1.2669624999034568,weight_tamper,1.0,0.0,80,0.2913062506195274
core_fashionmnist_iid_adaptive_scaling_proposed_s44_20260607_103754,core_fashionmnist_iid_adaptive_scaling_proposed_s44,FashionMNIST,IID,adaptive_scaling,44,80,5,3,0,1.0,1.2669624999034568,client_weight_tamper,1.0,0.0,80,0.2991299996210728
core_fashionmnist_iid_adaptive_scaling_proposed_s44_20260607_103754,core_fashionmnist_iid_adaptive_scaling_proposed_s44,FashionMNIST,IID,adaptive_scaling,44,80,5,3,0,1.0,1.2669624999034568,model_hash_tamper,1.0,0.0,80,0.2903900009187055
core_fashionmnist_iid_adaptive_scaling_proposed_s44_20260607_103754,core_fashionmnist_iid_adaptive_scaling_proposed_s44,FashionMNIST,IID,adaptive_scaling,44,80,5,3,0,1.0,1.2669624999034568,previous_hash_tamper,1.0,0.0,80,0.008346250615431927
core_fashionmnist_iid_adaptive_scaling_proposed_s44_20260607_103754,core_fashionmnist_iid_adaptive_scaling_proposed_s44,FashionMNIST,IID,adaptive_scaling,44,80,5,3,0,1.0,1.2669624999034568,omit_client,1.0,0.0,80,0.2823112496116664
core_fashionmnist_iid_adaptive_scaling_proposed_s44_20260607_103754,core_fashionmnist_iid_adaptive_scaling_proposed_s44,FashionMNIST,IID,adaptive_scaling,44,80,5,3,0,1.0,1.2669624999034568,fake_client,1.0,0.0,80,0.3003237485245336
core_fashionmnist_iid_adaptive_scaling_proposed_s44_20260607_103754,core_fashionmnist_iid_adaptive_scaling_proposed_s44,FashionMNIST,IID,adaptive_scaling,44,80,5,3,0,1.0,1.2669624999034568,client_signature_tamper,1.0,0.0,80,1.0459437491590506
core_fashionmnist_iid_adaptive_scaling_proposed_s44_20260607_103754,core_fashionmnist_iid_adaptive_scaling_proposed_s44,FashionMNIST,IID,adaptive_scaling,44,80,5,3,0,1.0,1.2669624999034568,payload_hash_tamper,1.0,0.0,80,0.28679000097326934
core_fashionmnist_iid_backdoor_proposed_s42_20260607_104033,core_fashionmnist_iid_backdoor_proposed_s42,FashionMNIST,IID,backdoor,42,80,5,3,0,1.0,1.272012499612174,score_tamper,1.0,0.0,80,0.2865924985599122
core_fashionmnist_iid_backdoor_proposed_s42_20260607_104033,core_fashionmnist_iid_backdoor_proposed_s42,FashionMNIST,IID,backdoor,42,80,5,3,0,1.0,1.272012499612174,weight_tamper,1.0,0.0,80,0.28425124946807045
core_fashionmnist_iid_backdoor_proposed_s42_20260607_104033,core_fashionmnist_iid_backdoor_proposed_s42,FashionMNIST,IID,backdoor,42,80,5,3,0,1.0,1.272012499612174,client_weight_tamper,1.0,0.0,80,0.2843325004505459
core_fashionmnist_iid_backdoor_proposed_s42_20260607_104033,core_fashionmnist_iid_backdoor_proposed_s42,FashionMNIST,IID,backdoor,42,80,5,3,0,1.0,1.272012499612174,model_hash_tamper,1.0,0.0,80,0.2826562498739804
core_fashionmnist_iid_backdoor_proposed_s42_20260607_104033,core_fashionmnist_iid_backdoor_proposed_s42,FashionMNIST,IID,backdoor,42,80,5,3,0,1.0,1.272012499612174,previous_hash_tamper,1.0,0.0,80,0.008616249579063151
core_fashionmnist_iid_backdoor_proposed_s42_20260607_104033,core_fashionmnist_iid_backdoor_proposed_s42,FashionMNIST,IID,backdoor,42,80,5,3,0,1.0,1.272012499612174,omit_client,1.0,0.0,80,0.28359499974612845
core_fashionmnist_iid_backdoor_proposed_s42_20260607_104033,core_fashionmnist_iid_backdoor_proposed_s42,FashionMNIST,IID,backdoor,42,80,5,3,0,1.0,1.272012499612174,fake_client,1.0,0.0,80,0.2952462504254072
core_fashionmnist_iid_backdoor_proposed_s42_20260607_104033,core_fashionmnist_iid_backdoor_proposed_s42,FashionMNIST,IID,backdoor,42,80,5,3,0,1.0,1.272012499612174,client_signature_tamper,1.0,0.0,80,1.0318924998500734
core_fashionmnist_iid_backdoor_proposed_s42_20260607_104033,core_fashionmnist_iid_backdoor_proposed_s42,FashionMNIST,IID,backdoor,42,80,5,3,0,1.0,1.272012499612174,payload_hash_tamper,1.0,0.0,80,0.28290624941291753
core_fashionmnist_iid_backdoor_proposed_s43_20260607_104254,core_fashionmnist_iid_backdoor_proposed_s43,FashionMNIST,IID,backdoor,43,80,5,3,0,1.0,1.266571250744164,score_tamper,1.0,0.0,80,0.2883324994400027
core_fashionmnist_iid_backdoor_proposed_s43_20260607_104254,core_fashionmnist_iid_backdoor_proposed_s43,FashionMNIST,IID,backdoor,43,80,5,3,0,1.0,1.266571250744164,weight_tamper,1.0,0.0,80,0.28797375089197885
core_fashionmnist_iid_backdoor_proposed_s43_20260607_104254,core_fashionmnist_iid_backdoor_proposed_s43,FashionMNIST,IID,backdoor,43,80,5,3,0,1.0,1.266571250744164,client_weight_tamper,1.0,0.0,80,0.2860012504243059
core_fashionmnist_iid_backdoor_proposed_s43_20260607_104254,core_fashionmnist_iid_backdoor_proposed_s43,FashionMNIST,IID,backdoor,43,80,5,3,0,1.0,1.266571250744164,model_hash_tamper,1.0,0.0,80,0.2834750004694797
core_fashionmnist_iid_backdoor_proposed_s43_20260607_104254,core_fashionmnist_iid_backdoor_proposed_s43,FashionMNIST,IID,backdoor,43,80,5,3,0,1.0,1.266571250744164,previous_hash_tamper,1.0,0.0,80,0.008475000140606426
core_fashionmnist_iid_backdoor_proposed_s43_20260607_104254,core_fashionmnist_iid_backdoor_proposed_s43,FashionMNIST,IID,backdoor,43,80,5,3,0,1.0,1.266571250744164,omit_client,1.0,0.0,80,0.28196375042170985
core_fashionmnist_iid_backdoor_proposed_s43_20260607_104254,core_fashionmnist_iid_backdoor_proposed_s43,FashionMNIST,IID,backdoor,43,80,5,3,0,1.0,1.266571250744164,fake_client,1.0,0.0,80,0.2981500007081195
core_fashionmnist_iid_backdoor_proposed_s43_20260607_104254,core_fashionmnist_iid_backdoor_proposed_s43,FashionMNIST,IID,backdoor,43,80,5,3,0,1.0,1.266571250744164,client_signature_tamper,1.0,0.0,80,1.0297124999851803
core_fashionmnist_iid_backdoor_proposed_s43_20260607_104254,core_fashionmnist_iid_backdoor_proposed_s43,FashionMNIST,IID,backdoor,43,80,5,3,0,1.0,1.266571250744164,payload_hash_tamper,1.0,0.0,80,0.29178875065554166
core_fashionmnist_iid_backdoor_proposed_s44_20260607_104453,core_fashionmnist_iid_backdoor_proposed_s44,FashionMNIST,IID,backdoor,44,80,5,3,0,1.0,1.2746350002998952,score_tamper,1.0,0.0,80,0.288708748848876
core_fashionmnist_iid_backdoor_proposed_s44_20260607_104453,core_fashionmnist_iid_backdoor_proposed_s44,FashionMNIST,IID,backdoor,44,80,5,3,0,1.0,1.2746350002998952,weight_tamper,1.0,0.0,80,0.2966187506899587
core_fashionmnist_iid_backdoor_proposed_s44_20260607_104453,core_fashionmnist_iid_backdoor_proposed_s44,FashionMNIST,IID,backdoor,44,80,5,3,0,1.0,1.2746350002998952,client_weight_tamper,1.0,0.0,80,0.29498750081984326
core_fashionmnist_iid_backdoor_proposed_s44_20260607_104453,core_fashionmnist_iid_backdoor_proposed_s44,FashionMNIST,IID,backdoor,44,80,5,3,0,1.0,1.2746350002998952,model_hash_tamper,1.0,0.0,80,0.2932275006969576
core_fashionmnist_iid_backdoor_proposed_s44_20260607_104453,core_fashionmnist_iid_backdoor_proposed_s44,FashionMNIST,IID,backdoor,44,80,5,3,0,1.0,1.2746350002998952,previous_hash_tamper,1.0,0.0,80,0.009251250958186574
core_fashionmnist_iid_backdoor_proposed_s44_20260607_104453,core_fashionmnist_iid_backdoor_proposed_s44,FashionMNIST,IID,backdoor,44,80,5,3,0,1.0,1.2746350002998952,omit_client,1.0,0.0,80,0.28847375069744885
core_fashionmnist_iid_backdoor_proposed_s44_20260607_104453,core_fashionmnist_iid_backdoor_proposed_s44,FashionMNIST,IID,backdoor,44,80,5,3,0,1.0,1.2746350002998952,fake_client,1.0,0.0,80,0.3074049995120731
core_fashionmnist_iid_backdoor_proposed_s44_20260607_104453,core_fashionmnist_iid_backdoor_proposed_s44,FashionMNIST,IID,backdoor,44,80,5,3,0,1.0,1.2746350002998952,client_signature_tamper,1.0,0.0,80,1.0520749994611833
core_fashionmnist_iid_backdoor_proposed_s44_20260607_104453,core_fashionmnist_iid_backdoor_proposed_s44,FashionMNIST,IID,backdoor,44,80,5,3,0,1.0,1.2746350002998952,payload_hash_tamper,1.0,0.0,80,0.2865949993065442
core_fashionmnist_iid_sign_flip_proposed_s42_20260607_102541,core_fashionmnist_iid_sign_flip_proposed_s42,FashionMNIST,IID,sign_flip,42,80,5,3,0,1.0,1.258578750093875,score_tamper,1.0,0.0,80,0.2873312510928372
core_fashionmnist_iid_sign_flip_proposed_s42_20260607_102541,core_fashionmnist_iid_sign_flip_proposed_s42,FashionMNIST,IID,sign_flip,42,80,5,3,0,1.0,1.258578750093875,weight_tamper,1.0,0.0,80,0.28506250018836
core_fashionmnist_iid_sign_flip_proposed_s42_20260607_102541,core_fashionmnist_iid_sign_flip_proposed_s42,FashionMNIST,IID,sign_flip,42,80,5,3,0,1.0,1.258578750093875,client_weight_tamper,1.0,0.0,80,0.28264499924262054
core_fashionmnist_iid_sign_flip_proposed_s42_20260607_102541,core_fashionmnist_iid_sign_flip_proposed_s42,FashionMNIST,IID,sign_flip,42,80,5,3,0,1.0,1.258578750093875,model_hash_tamper,1.0,0.0,80,0.2877837501728209
core_fashionmnist_iid_sign_flip_proposed_s42_20260607_102541,core_fashionmnist_iid_sign_flip_proposed_s42,FashionMNIST,IID,sign_flip,42,80,5,3,0,1.0,1.258578750093875,previous_hash_tamper,1.0,0.0,80,0.00885499994183192
core_fashionmnist_iid_sign_flip_proposed_s42_20260607_102541,core_fashionmnist_iid_sign_flip_proposed_s42,FashionMNIST,IID,sign_flip,42,80,5,3,0,1.0,1.258578750093875,omit_client,1.0,0.0,80,0.2923887506767642
core_fashionmnist_iid_sign_flip_proposed_s42_20260607_102541,core_fashionmnist_iid_sign_flip_proposed_s42,FashionMNIST,IID,sign_flip,42,80,5,3,0,1.0,1.258578750093875,fake_client,1.0,0.0,80,0.2980337501867325
core_fashionmnist_iid_sign_flip_proposed_s42_20260607_102541,core_fashionmnist_iid_sign_flip_proposed_s42,FashionMNIST,IID,sign_flip,42,80,5,3,0,1.0,1.258578750093875,client_signature_tamper,1.0,0.0,80,1.0330587494536303
core_fashionmnist_iid_sign_flip_proposed_s42_20260607_102541,core_fashionmnist_iid_sign_flip_proposed_s42,FashionMNIST,IID,sign_flip,42,80,5,3,0,1.0,1.258578750093875,payload_hash_tamper,1.0,0.0,80,0.2855849994375603
core_fashionmnist_iid_sign_flip_proposed_s43_20260607_102807,core_fashionmnist_iid_sign_flip_proposed_s43,FashionMNIST,IID,sign_flip,43,80,5,3,0,1.0,1.2776062512784847,score_tamper,1.0,0.0,80,0.28693875046883477
core_fashionmnist_iid_sign_flip_proposed_s43_20260607_102807,core_fashionmnist_iid_sign_flip_proposed_s43,FashionMNIST,IID,sign_flip,43,80,5,3,0,1.0,1.2776062512784847,weight_tamper,1.0,0.0,80,0.28887625030620256
core_fashionmnist_iid_sign_flip_proposed_s43_20260607_102807,core_fashionmnist_iid_sign_flip_proposed_s43,FashionMNIST,IID,sign_flip,43,80,5,3,0,1.0,1.2776062512784847,client_weight_tamper,1.0,0.0,80,0.28566374949150486
core_fashionmnist_iid_sign_flip_proposed_s43_20260607_102807,core_fashionmnist_iid_sign_flip_proposed_s43,FashionMNIST,IID,sign_flip,43,80,5,3,0,1.0,1.2776062512784847,model_hash_tamper,1.0,0.0,80,0.2862012503101141
core_fashionmnist_iid_sign_flip_proposed_s43_20260607_102807,core_fashionmnist_iid_sign_flip_proposed_s43,FashionMNIST,IID,sign_flip,43,80,5,3,0,1.0,1.2776062512784847,previous_hash_tamper,1.0,0.0,80,0.008376248661079444
core_fashionmnist_iid_sign_flip_proposed_s43_20260607_102807,core_fashionmnist_iid_sign_flip_proposed_s43,FashionMNIST,IID,sign_flip,43,80,5,3,0,1.0,1.2776062512784847,omit_client,1.0,0.0,80,0.2867412511477596
core_fashionmnist_iid_sign_flip_proposed_s43_20260607_102807,core_fashionmnist_iid_sign_flip_proposed_s43,FashionMNIST,IID,sign_flip,43,80,5,3,0,1.0,1.2776062512784847,fake_client,1.0,0.0,80,0.30606374821218196
core_fashionmnist_iid_sign_flip_proposed_s43_20260607_102807,core_fashionmnist_iid_sign_flip_proposed_s43,FashionMNIST,IID,sign_flip,43,80,5,3,0,1.0,1.2776062512784847,client_signature_tamper,1.0,0.0,80,1.0385587498603854
core_fashionmnist_iid_sign_flip_proposed_s43_20260607_102807,core_fashionmnist_iid_sign_flip_proposed_s43,FashionMNIST,IID,sign_flip,43,80,5,3,0,1.0,1.2776062512784847,payload_hash_tamper,1.0,0.0,80,0.28600749938050285
core_fashionmnist_iid_sign_flip_proposed_s44_20260607_103044,core_fashionmnist_iid_sign_flip_proposed_s44,FashionMNIST,IID,sign_flip,44,80,5,3,0,1.0,1.2880174999736482,score_tamper,1.0,0.0,80,0.2880025000195019
core_fashionmnist_iid_sign_flip_proposed_s44_20260607_103044,core_fashionmnist_iid_sign_flip_proposed_s44,FashionMNIST,IID,sign_flip,44,80,5,3,0,1.0,1.2880174999736482,weight_tamper,1.0,0.0,80,0.2891275007641525
core_fashionmnist_iid_sign_flip_proposed_s44_20260607_103044,core_fashionmnist_iid_sign_flip_proposed_s44,FashionMNIST,IID,sign_flip,44,80,5,3,0,1.0,1.2880174999736482,client_weight_tamper,1.0,0.0,80,0.2851999992344645
core_fashionmnist_iid_sign_flip_proposed_s44_20260607_103044,core_fashionmnist_iid_sign_flip_proposed_s44,FashionMNIST,IID,sign_flip,44,80,5,3,0,1.0,1.2880174999736482,model_hash_tamper,1.0,0.0,80,0.2838312493622652
core_fashionmnist_iid_sign_flip_proposed_s44_20260607_103044,core_fashionmnist_iid_sign_flip_proposed_s44,FashionMNIST,IID,sign_flip,44,80,5,3,0,1.0,1.2880174999736482,previous_hash_tamper,1.0,0.0,80,0.00835999999253545
core_fashionmnist_iid_sign_flip_proposed_s44_20260607_103044,core_fashionmnist_iid_sign_flip_proposed_s44,FashionMNIST,IID,sign_flip,44,80,5,3,0,1.0,1.2880174999736482,omit_client,1.0,0.0,80,0.2817912498358055
core_fashionmnist_iid_sign_flip_proposed_s44_20260607_103044,core_fashionmnist_iid_sign_flip_proposed_s44,FashionMNIST,IID,sign_flip,44,80,5,3,0,1.0,1.2880174999736482,fake_client,1.0,0.0,80,0.30099874929874204
core_fashionmnist_iid_sign_flip_proposed_s44_20260607_103044,core_fashionmnist_iid_sign_flip_proposed_s44,FashionMNIST,IID,sign_flip,44,80,5,3,0,1.0,1.2880174999736482,client_signature_tamper,1.0,0.0,80,1.038255000821664
core_fashionmnist_iid_sign_flip_proposed_s44_20260607_103044,core_fashionmnist_iid_sign_flip_proposed_s44,FashionMNIST,IID,sign_flip,44,80,5,3,0,1.0,1.2880174999736482,payload_hash_tamper,1.0,0.0,80,0.30195625022315653
core_fashionmnist_noniid_adaptive_scaling_proposed_s42_20260607_104714,core_fashionmnist_noniid_adaptive_scaling_proposed_s42,FashionMNIST,Non-IID,adaptive_scaling,42,80,5,3,0,1.0,1.2781187511791359,score_tamper,1.0,0.0,80,0.298516249495151
core_fashionmnist_noniid_adaptive_scaling_proposed_s42_20260607_104714,core_fashionmnist_noniid_adaptive_scaling_proposed_s42,FashionMNIST,Non-IID,adaptive_scaling,42,80,5,3,0,1.0,1.2781187511791359,weight_tamper,1.0,0.0,80,0.2924749993326259
core_fashionmnist_noniid_adaptive_scaling_proposed_s42_20260607_104714,core_fashionmnist_noniid_adaptive_scaling_proposed_s42,FashionMNIST,Non-IID,adaptive_scaling,42,80,5,3,0,1.0,1.2781187511791359,client_weight_tamper,1.0,0.0,80,0.292233748587023
core_fashionmnist_noniid_adaptive_scaling_proposed_s42_20260607_104714,core_fashionmnist_noniid_adaptive_scaling_proposed_s42,FashionMNIST,Non-IID,adaptive_scaling,42,80,5,3,0,1.0,1.2781187511791359,model_hash_tamper,1.0,0.0,80,0.29867625034967205
core_fashionmnist_noniid_adaptive_scaling_proposed_s42_20260607_104714,core_fashionmnist_noniid_adaptive_scaling_proposed_s42,FashionMNIST,Non-IID,adaptive_scaling,42,80,5,3,0,1.0,1.2781187511791359,previous_hash_tamper,1.0,0.0,80,0.009581249105394818
core_fashionmnist_noniid_adaptive_scaling_proposed_s42_20260607_104714,core_fashionmnist_noniid_adaptive_scaling_proposed_s42,FashionMNIST,Non-IID,adaptive_scaling,42,80,5,3,0,1.0,1.2781187511791359,omit_client,1.0,0.0,80,0.29983875047037145
core_fashionmnist_noniid_adaptive_scaling_proposed_s42_20260607_104714,core_fashionmnist_noniid_adaptive_scaling_proposed_s42,FashionMNIST,Non-IID,adaptive_scaling,42,80,5,3,0,1.0,1.2781187511791359,fake_client,1.0,0.0,80,0.311647499074752
core_fashionmnist_noniid_adaptive_scaling_proposed_s42_20260607_104714,core_fashionmnist_noniid_adaptive_scaling_proposed_s42,FashionMNIST,Non-IID,adaptive_scaling,42,80,5,3,0,1.0,1.2781187511791359,client_signature_tamper,1.0,0.0,80,1.0570587501206319
core_fashionmnist_noniid_adaptive_scaling_proposed_s42_20260607_104714,core_fashionmnist_noniid_adaptive_scaling_proposed_s42,FashionMNIST,Non-IID,adaptive_scaling,42,80,5,3,0,1.0,1.2781187511791359,payload_hash_tamper,1.0,0.0,80,0.2944862511867541
core_fashionmnist_noniid_adaptive_scaling_proposed_s43_20260607_105005,core_fashionmnist_noniid_adaptive_scaling_proposed_s43,FashionMNIST,Non-IID,adaptive_scaling,43,80,5,3,0,1.0,1.2728762501865276,score_tamper,1.0,0.0,80,0.29185624935053056
core_fashionmnist_noniid_adaptive_scaling_proposed_s43_20260607_105005,core_fashionmnist_noniid_adaptive_scaling_proposed_s43,FashionMNIST,Non-IID,adaptive_scaling,43,80,5,3,0,1.0,1.2728762501865276,weight_tamper,1.0,0.0,80,0.2925824996054871
core_fashionmnist_noniid_adaptive_scaling_proposed_s43_20260607_105005,core_fashionmnist_noniid_adaptive_scaling_proposed_s43,FashionMNIST,Non-IID,adaptive_scaling,43,80,5,3,0,1.0,1.2728762501865276,client_weight_tamper,1.0,0.0,80,0.294479999683972
core_fashionmnist_noniid_adaptive_scaling_proposed_s43_20260607_105005,core_fashionmnist_noniid_adaptive_scaling_proposed_s43,FashionMNIST,Non-IID,adaptive_scaling,43,80,5,3,0,1.0,1.2728762501865276,model_hash_tamper,1.0,0.0,80,0.30602249989897246
core_fashionmnist_noniid_adaptive_scaling_proposed_s43_20260607_105005,core_fashionmnist_noniid_adaptive_scaling_proposed_s43,FashionMNIST,Non-IID,adaptive_scaling,43,80,5,3,0,1.0,1.2728762501865276,previous_hash_tamper,1.0,0.0,80,0.0098824984888779
core_fashionmnist_noniid_adaptive_scaling_proposed_s43_20260607_105005,core_fashionmnist_noniid_adaptive_scaling_proposed_s43,FashionMNIST,Non-IID,adaptive_scaling,43,80,5,3,0,1.0,1.2728762501865276,omit_client,1.0,0.0,80,0.29517999973904807
core_fashionmnist_noniid_adaptive_scaling_proposed_s43_20260607_105005,core_fashionmnist_noniid_adaptive_scaling_proposed_s43,FashionMNIST,Non-IID,adaptive_scaling,43,80,5,3,0,1.0,1.2728762501865276,fake_client,1.0,0.0,80,0.30772000100114383
core_fashionmnist_noniid_adaptive_scaling_proposed_s43_20260607_105005,core_fashionmnist_noniid_adaptive_scaling_proposed_s43,FashionMNIST,Non-IID,adaptive_scaling,43,80,5,3,0,1.0,1.2728762501865276,client_signature_tamper,1.0,0.0,80,1.0539399992921972
core_fashionmnist_noniid_adaptive_scaling_proposed_s43_20260607_105005,core_fashionmnist_noniid_adaptive_scaling_proposed_s43,FashionMNIST,Non-IID,adaptive_scaling,43,80,5,3,0,1.0,1.2728762501865276,payload_hash_tamper,1.0,0.0,80,0.28897874981339555
core_fashionmnist_noniid_adaptive_scaling_proposed_s44_20260607_105254,core_fashionmnist_noniid_adaptive_scaling_proposed_s44,FashionMNIST,Non-IID,adaptive_scaling,44,80,5,3,0,1.0,1.2883612493169494,score_tamper,1.0,0.0,80,0.2952612505396246
core_fashionmnist_noniid_adaptive_scaling_proposed_s44_20260607_105254,core_fashionmnist_noniid_adaptive_scaling_proposed_s44,FashionMNIST,Non-IID,adaptive_scaling,44,80,5,3,0,1.0,1.2883612493169494,weight_tamper,1.0,0.0,80,0.3005925002071308
core_fashionmnist_noniid_adaptive_scaling_proposed_s44_20260607_105254,core_fashionmnist_noniid_adaptive_scaling_proposed_s44,FashionMNIST,Non-IID,adaptive_scaling,44,80,5,3,0,1.0,1.2883612493169494,client_weight_tamper,1.0,0.0,80,0.29818249968229793
core_fashionmnist_noniid_adaptive_scaling_proposed_s44_20260607_105254,core_fashionmnist_noniid_adaptive_scaling_proposed_s44,FashionMNIST,Non-IID,adaptive_scaling,44,80,5,3,0,1.0,1.2883612493169494,model_hash_tamper,1.0,0.0,80,0.28901499917992624
core_fashionmnist_noniid_adaptive_scaling_proposed_s44_20260607_105254,core_fashionmnist_noniid_adaptive_scaling_proposed_s44,FashionMNIST,Non-IID,adaptive_scaling,44,80,5,3,0,1.0,1.2883612493169494,previous_hash_tamper,1.0,0.0,80,0.008191249435185455
core_fashionmnist_noniid_adaptive_scaling_proposed_s44_20260607_105254,core_fashionmnist_noniid_adaptive_scaling_proposed_s44,FashionMNIST,Non-IID,adaptive_scaling,44,80,5,3,0,1.0,1.2883612493169494,omit_client,1.0,0.0,80,0.2866274993721163
core_fashionmnist_noniid_adaptive_scaling_proposed_s44_20260607_105254,core_fashionmnist_noniid_adaptive_scaling_proposed_s44,FashionMNIST,Non-IID,adaptive_scaling,44,80,5,3,0,1.0,1.2883612493169494,fake_client,1.0,0.0,80,0.30264874894783134
core_fashionmnist_noniid_adaptive_scaling_proposed_s44_20260607_105254,core_fashionmnist_noniid_adaptive_scaling_proposed_s44,FashionMNIST,Non-IID,adaptive_scaling,44,80,5,3,0,1.0,1.2883612493169494,client_signature_tamper,1.0,0.0,80,1.0439324994877097
core_fashionmnist_noniid_adaptive_scaling_proposed_s44_20260607_105254,core_fashionmnist_noniid_adaptive_scaling_proposed_s44,FashionMNIST,Non-IID,adaptive_scaling,44,80,5,3,0,1.0,1.2883612493169494,payload_hash_tamper,1.0,0.0,80,0.29247124894027365
core_fashionmnist_noniid_backdoor_proposed_s42_20260607_105541,core_fashionmnist_noniid_backdoor_proposed_s42,FashionMNIST,Non-IID,backdoor,42,80,5,3,0,1.0,1.2914749993797159,score_tamper,1.0,0.0,80,0.28977000001759734
core_fashionmnist_noniid_backdoor_proposed_s42_20260607_105541,core_fashionmnist_noniid_backdoor_proposed_s42,FashionMNIST,Non-IID,backdoor,42,80,5,3,0,1.0,1.2914749993797159,weight_tamper,1.0,0.0,80,0.2938299996458227
core_fashionmnist_noniid_backdoor_proposed_s42_20260607_105541,core_fashionmnist_noniid_backdoor_proposed_s42,FashionMNIST,Non-IID,backdoor,42,80,5,3,0,1.0,1.2914749993797159,client_weight_tamper,1.0,0.0,80,0.28499749987531686
core_fashionmnist_noniid_backdoor_proposed_s42_20260607_105541,core_fashionmnist_noniid_backdoor_proposed_s42,FashionMNIST,Non-IID,backdoor,42,80,5,3,0,1.0,1.2914749993797159,model_hash_tamper,1.0,0.0,80,0.2883099999962724
core_fashionmnist_noniid_backdoor_proposed_s42_20260607_105541,core_fashionmnist_noniid_backdoor_proposed_s42,FashionMNIST,Non-IID,backdoor,42,80,5,3,0,1.0,1.2914749993797159,previous_hash_tamper,1.0,0.0,80,0.008491250264341943
core_fashionmnist_noniid_backdoor_proposed_s42_20260607_105541,core_fashionmnist_noniid_backdoor_proposed_s42,FashionMNIST,Non-IID,backdoor,42,80,5,3,0,1.0,1.2914749993797159,omit_client,1.0,0.0,80,0.2880362500945921
core_fashionmnist_noniid_backdoor_proposed_s42_20260607_105541,core_fashionmnist_noniid_backdoor_proposed_s42,FashionMNIST,Non-IID,backdoor,42,80,5,3,0,1.0,1.2914749993797159,fake_client,1.0,0.0,80,0.2974299994093599
core_fashionmnist_noniid_backdoor_proposed_s42_20260607_105541,core_fashionmnist_noniid_backdoor_proposed_s42,FashionMNIST,Non-IID,backdoor,42,80,5,3,0,1.0,1.2914749993797159,client_signature_tamper,1.0,0.0,80,1.0233150009298697
core_fashionmnist_noniid_backdoor_proposed_s42_20260607_105541,core_fashionmnist_noniid_backdoor_proposed_s42,FashionMNIST,Non-IID,backdoor,42,80,5,3,0,1.0,1.2914749993797159,payload_hash_tamper,1.0,0.0,80,0.28436749962565955
core_fashionmnist_noniid_backdoor_proposed_s43_20260607_105831,core_fashionmnist_noniid_backdoor_proposed_s43,FashionMNIST,Non-IID,backdoor,43,80,5,3,0,1.0,1.2738987516058842,score_tamper,1.0,0.0,80,0.2975937495648395
core_fashionmnist_noniid_backdoor_proposed_s43_20260607_105831,core_fashionmnist_noniid_backdoor_proposed_s43,FashionMNIST,Non-IID,backdoor,43,80,5,3,0,1.0,1.2738987516058842,weight_tamper,1.0,0.0,80,0.28653999979724176
core_fashionmnist_noniid_backdoor_proposed_s43_20260607_105831,core_fashionmnist_noniid_backdoor_proposed_s43,FashionMNIST,Non-IID,backdoor,43,80,5,3,0,1.0,1.2738987516058842,client_weight_tamper,1.0,0.0,80,0.2857249990483979
core_fashionmnist_noniid_backdoor_proposed_s43_20260607_105831,core_fashionmnist_noniid_backdoor_proposed_s43,FashionMNIST,Non-IID,backdoor,43,80,5,3,0,1.0,1.2738987516058842,model_hash_tamper,1.0,0.0,80,0.2933950005171937
core_fashionmnist_noniid_backdoor_proposed_s43_20260607_105831,core_fashionmnist_noniid_backdoor_proposed_s43,FashionMNIST,Non-IID,backdoor,43,80,5,3,0,1.0,1.2738987516058842,previous_hash_tamper,1.0,0.0,80,0.008767500730755273
core_fashionmnist_noniid_backdoor_proposed_s43_20260607_105831,core_fashionmnist_noniid_backdoor_proposed_s43,FashionMNIST,Non-IID,backdoor,43,80,5,3,0,1.0,1.2738987516058842,omit_client,1.0,0.0,80,0.28227875009179115
core_fashionmnist_noniid_backdoor_proposed_s43_20260607_105831,core_fashionmnist_noniid_backdoor_proposed_s43,FashionMNIST,Non-IID,backdoor,43,80,5,3,0,1.0,1.2738987516058842,fake_client,1.0,0.0,80,0.2984312499393127
core_fashionmnist_noniid_backdoor_proposed_s43_20260607_105831,core_fashionmnist_noniid_backdoor_proposed_s43,FashionMNIST,Non-IID,backdoor,43,80,5,3,0,1.0,1.2738987516058842,client_signature_tamper,1.0,0.0,80,1.0356175002016244
core_fashionmnist_noniid_backdoor_proposed_s43_20260607_105831,core_fashionmnist_noniid_backdoor_proposed_s43,FashionMNIST,Non-IID,backdoor,43,80,5,3,0,1.0,1.2738987516058842,payload_hash_tamper,1.0,0.0,80,0.28573625113494927
core_fashionmnist_noniid_backdoor_proposed_s44_20260607_110121,core_fashionmnist_noniid_backdoor_proposed_s44,FashionMNIST,Non-IID,backdoor,44,80,5,3,0,1.0,1.29599625015544,score_tamper,1.0,0.0,80,0.2921587501987233
core_fashionmnist_noniid_backdoor_proposed_s44_20260607_110121,core_fashionmnist_noniid_backdoor_proposed_s44,FashionMNIST,Non-IID,backdoor,44,80,5,3,0,1.0,1.29599625015544,weight_tamper,1.0,0.0,80,0.29322250047698617
core_fashionmnist_noniid_backdoor_proposed_s44_20260607_110121,core_fashionmnist_noniid_backdoor_proposed_s44,FashionMNIST,Non-IID,backdoor,44,80,5,3,0,1.0,1.29599625015544,client_weight_tamper,1.0,0.0,80,0.28839250044256914
core_fashionmnist_noniid_backdoor_proposed_s44_20260607_110121,core_fashionmnist_noniid_backdoor_proposed_s44,FashionMNIST,Non-IID,backdoor,44,80,5,3,0,1.0,1.29599625015544,model_hash_tamper,1.0,0.0,80,0.2859987496776739
core_fashionmnist_noniid_backdoor_proposed_s44_20260607_110121,core_fashionmnist_noniid_backdoor_proposed_s44,FashionMNIST,Non-IID,backdoor,44,80,5,3,0,1.0,1.29599625015544,previous_hash_tamper,1.0,0.0,80,0.008270000580523629
core_fashionmnist_noniid_backdoor_proposed_s44_20260607_110121,core_fashionmnist_noniid_backdoor_proposed_s44,FashionMNIST,Non-IID,backdoor,44,80,5,3,0,1.0,1.29599625015544,omit_client,1.0,0.0,80,0.283726249836036
core_fashionmnist_noniid_backdoor_proposed_s44_20260607_110121,core_fashionmnist_noniid_backdoor_proposed_s44,FashionMNIST,Non-IID,backdoor,44,80,5,3,0,1.0,1.29599625015544,fake_client,1.0,0.0,80,0.3000262508066953
core_fashionmnist_noniid_backdoor_proposed_s44_20260607_110121,core_fashionmnist_noniid_backdoor_proposed_s44,FashionMNIST,Non-IID,backdoor,44,80,5,3,0,1.0,1.29599625015544,client_signature_tamper,1.0,0.0,80,1.0329849992558593
core_fashionmnist_noniid_backdoor_proposed_s44_20260607_110121,core_fashionmnist_noniid_backdoor_proposed_s44,FashionMNIST,Non-IID,backdoor,44,80,5,3,0,1.0,1.29599625015544,payload_hash_tamper,1.0,0.0,80,0.2869412490326795
core_fashionmnist_noniid_sign_flip_proposed_s42_20260607_101012,core_fashionmnist_noniid_sign_flip_proposed_s42,FashionMNIST,Non-IID,sign_flip,42,80,5,3,0,1.0,1.275062500644708,score_tamper,1.0,0.0,80,0.28698249989247415
core_fashionmnist_noniid_sign_flip_proposed_s42_20260607_101012,core_fashionmnist_noniid_sign_flip_proposed_s42,FashionMNIST,Non-IID,sign_flip,42,80,5,3,0,1.0,1.275062500644708,weight_tamper,1.0,0.0,80,0.28673874967353186
core_fashionmnist_noniid_sign_flip_proposed_s42_20260607_101012,core_fashionmnist_noniid_sign_flip_proposed_s42,FashionMNIST,Non-IID,sign_flip,42,80,5,3,0,1.0,1.275062500644708,client_weight_tamper,1.0,0.0,80,0.28433875158953015
core_fashionmnist_noniid_sign_flip_proposed_s42_20260607_101012,core_fashionmnist_noniid_sign_flip_proposed_s42,FashionMNIST,Non-IID,sign_flip,42,80,5,3,0,1.0,1.275062500644708,model_hash_tamper,1.0,0.0,80,0.2851587501936592
core_fashionmnist_noniid_sign_flip_proposed_s42_20260607_101012,core_fashionmnist_noniid_sign_flip_proposed_s42,FashionMNIST,Non-IID,sign_flip,42,80,5,3,0,1.0,1.275062500644708,previous_hash_tamper,1.0,0.0,80,0.009238749953510705
core_fashionmnist_noniid_sign_flip_proposed_s42_20260607_101012,core_fashionmnist_noniid_sign_flip_proposed_s42,FashionMNIST,Non-IID,sign_flip,42,80,5,3,0,1.0,1.275062500644708,omit_client,1.0,0.0,80,0.28400749961292604
core_fashionmnist_noniid_sign_flip_proposed_s42_20260607_101012,core_fashionmnist_noniid_sign_flip_proposed_s42,FashionMNIST,Non-IID,sign_flip,42,80,5,3,0,1.0,1.275062500644708,fake_client,1.0,0.0,80,0.3022887496626936
core_fashionmnist_noniid_sign_flip_proposed_s42_20260607_101012,core_fashionmnist_noniid_sign_flip_proposed_s42,FashionMNIST,Non-IID,sign_flip,42,80,5,3,0,1.0,1.275062500644708,client_signature_tamper,1.0,0.0,80,1.045271249677171
core_fashionmnist_noniid_sign_flip_proposed_s42_20260607_101012,core_fashionmnist_noniid_sign_flip_proposed_s42,FashionMNIST,Non-IID,sign_flip,42,80,5,3,0,1.0,1.275062500644708,payload_hash_tamper,1.0,0.0,80,0.29448124951159116
core_fashionmnist_noniid_sign_flip_proposed_s43_20260607_101226,core_fashionmnist_noniid_sign_flip_proposed_s43,FashionMNIST,Non-IID,sign_flip,43,80,5,3,0,1.0,1.285948749864474,score_tamper,1.0,0.0,80,0.29094249966874486
core_fashionmnist_noniid_sign_flip_proposed_s43_20260607_101226,core_fashionmnist_noniid_sign_flip_proposed_s43,FashionMNIST,Non-IID,sign_flip,43,80,5,3,0,1.0,1.285948749864474,weight_tamper,1.0,0.0,80,0.2834662507666508
core_fashionmnist_noniid_sign_flip_proposed_s43_20260607_101226,core_fashionmnist_noniid_sign_flip_proposed_s43,FashionMNIST,Non-IID,sign_flip,43,80,5,3,0,1.0,1.285948749864474,client_weight_tamper,1.0,0.0,80,0.2885724994484917
core_fashionmnist_noniid_sign_flip_proposed_s43_20260607_101226,core_fashionmnist_noniid_sign_flip_proposed_s43,FashionMNIST,Non-IID,sign_flip,43,80,5,3,0,1.0,1.285948749864474,model_hash_tamper,1.0,0.0,80,0.28383249900798546
core_fashionmnist_noniid_sign_flip_proposed_s43_20260607_101226,core_fashionmnist_noniid_sign_flip_proposed_s43,FashionMNIST,Non-IID,sign_flip,43,80,5,3,0,1.0,1.285948749864474,previous_hash_tamper,1.0,0.0,80,0.008111250099318568
core_fashionmnist_noniid_sign_flip_proposed_s43_20260607_101226,core_fashionmnist_noniid_sign_flip_proposed_s43,FashionMNIST,Non-IID,sign_flip,43,80,5,3,0,1.0,1.285948749864474,omit_client,1.0,0.0,80,0.2807175000270945
core_fashionmnist_noniid_sign_flip_proposed_s43_20260607_101226,core_fashionmnist_noniid_sign_flip_proposed_s43,FashionMNIST,Non-IID,sign_flip,43,80,5,3,0,1.0,1.285948749864474,fake_client,1.0,0.0,80,0.29404249999060994
core_fashionmnist_noniid_sign_flip_proposed_s43_20260607_101226,core_fashionmnist_noniid_sign_flip_proposed_s43,FashionMNIST,Non-IID,sign_flip,43,80,5,3,0,1.0,1.285948749864474,client_signature_tamper,1.0,0.0,80,1.0315925002942095
core_fashionmnist_noniid_sign_flip_proposed_s43_20260607_101226,core_fashionmnist_noniid_sign_flip_proposed_s43,FashionMNIST,Non-IID,sign_flip,43,80,5,3,0,1.0,1.285948749864474,payload_hash_tamper,1.0,0.0,80,0.28564749991346616
core_fashionmnist_noniid_sign_flip_proposed_s44_20260607_101514,core_fashionmnist_noniid_sign_flip_proposed_s44,FashionMNIST,Non-IID,sign_flip,44,80,5,3,0,1.0,1.264009999067639,score_tamper,1.0,0.0,80,0.2860362506908132
core_fashionmnist_noniid_sign_flip_proposed_s44_20260607_101514,core_fashionmnist_noniid_sign_flip_proposed_s44,FashionMNIST,Non-IID,sign_flip,44,80,5,3,0,1.0,1.264009999067639,weight_tamper,1.0,0.0,80,0.2876075006497558
core_fashionmnist_noniid_sign_flip_proposed_s44_20260607_101514,core_fashionmnist_noniid_sign_flip_proposed_s44,FashionMNIST,Non-IID,sign_flip,44,80,5,3,0,1.0,1.264009999067639,client_weight_tamper,1.0,0.0,80,0.2840774994183448
core_fashionmnist_noniid_sign_flip_proposed_s44_20260607_101514,core_fashionmnist_noniid_sign_flip_proposed_s44,FashionMNIST,Non-IID,sign_flip,44,80,5,3,0,1.0,1.264009999067639,model_hash_tamper,1.0,0.0,80,0.284454999382433
core_fashionmnist_noniid_sign_flip_proposed_s44_20260607_101514,core_fashionmnist_noniid_sign_flip_proposed_s44,FashionMNIST,Non-IID,sign_flip,44,80,5,3,0,1.0,1.264009999067639,previous_hash_tamper,1.0,0.0,80,0.008484999671054538
core_fashionmnist_noniid_sign_flip_proposed_s44_20260607_101514,core_fashionmnist_noniid_sign_flip_proposed_s44,FashionMNIST,Non-IID,sign_flip,44,80,5,3,0,1.0,1.264009999067639,omit_client,1.0,0.0,80,0.28353625057206955
core_fashionmnist_noniid_sign_flip_proposed_s44_20260607_101514,core_fashionmnist_noniid_sign_flip_proposed_s44,FashionMNIST,Non-IID,sign_flip,44,80,5,3,0,1.0,1.264009999067639,fake_client,1.0,0.0,80,0.30218125011742814
core_fashionmnist_noniid_sign_flip_proposed_s44_20260607_101514,core_fashionmnist_noniid_sign_flip_proposed_s44,FashionMNIST,Non-IID,sign_flip,44,80,5,3,0,1.0,1.264009999067639,client_signature_tamper,1.0,0.0,80,1.041696250285895
core_fashionmnist_noniid_sign_flip_proposed_s44_20260607_101514,core_fashionmnist_noniid_sign_flip_proposed_s44,FashionMNIST,Non-IID,sign_flip,44,80,5,3,0,1.0,1.264009999067639,payload_hash_tamper,1.0,0.0,80,0.2859787493434851
core_ratio_fashionmnist_noniid_adaptive_proposed_r0.1_s42_20260609_130727,core_ratio_fashionmnist_noniid_adaptive_proposed_r0.1_s42,FashionMNIST,Non-IID,adaptive_scaling,42,80,5,3,0,1.0,1.2944999998580897,score_tamper,1.0,0.0,80,0.3010375001395005
core_ratio_fashionmnist_noniid_adaptive_proposed_r0.1_s42_20260609_130727,core_ratio_fashionmnist_noniid_adaptive_proposed_r0.1_s42,FashionMNIST,Non-IID,adaptive_scaling,42,80,5,3,0,1.0,1.2944999998580897,weight_tamper,1.0,0.0,80,0.2986562503792811
core_ratio_fashionmnist_noniid_adaptive_proposed_r0.1_s42_20260609_130727,core_ratio_fashionmnist_noniid_adaptive_proposed_r0.1_s42,FashionMNIST,Non-IID,adaptive_scaling,42,80,5,3,0,1.0,1.2944999998580897,client_weight_tamper,1.0,0.0,80,0.2945774991530925
core_ratio_fashionmnist_noniid_adaptive_proposed_r0.1_s42_20260609_130727,core_ratio_fashionmnist_noniid_adaptive_proposed_r0.1_s42,FashionMNIST,Non-IID,adaptive_scaling,42,80,5,3,0,1.0,1.2944999998580897,model_hash_tamper,1.0,0.0,80,0.2940524993391591
core_ratio_fashionmnist_noniid_adaptive_proposed_r0.1_s42_20260609_130727,core_ratio_fashionmnist_noniid_adaptive_proposed_r0.1_s42,FashionMNIST,Non-IID,adaptive_scaling,42,80,5,3,0,1.0,1.2944999998580897,previous_hash_tamper,1.0,0.0,80,0.009831249190028757
core_ratio_fashionmnist_noniid_adaptive_proposed_r0.1_s42_20260609_130727,core_ratio_fashionmnist_noniid_adaptive_proposed_r0.1_s42,FashionMNIST,Non-IID,adaptive_scaling,42,80,5,3,0,1.0,1.2944999998580897,omit_client,1.0,0.0,80,0.291064998418733
core_ratio_fashionmnist_noniid_adaptive_proposed_r0.1_s42_20260609_130727,core_ratio_fashionmnist_noniid_adaptive_proposed_r0.1_s42,FashionMNIST,Non-IID,adaptive_scaling,42,80,5,3,0,1.0,1.2944999998580897,fake_client,1.0,0.0,80,0.306643749900104
core_ratio_fashionmnist_noniid_adaptive_proposed_r0.1_s42_20260609_130727,core_ratio_fashionmnist_noniid_adaptive_proposed_r0.1_s42,FashionMNIST,Non-IID,adaptive_scaling,42,80,5,3,0,1.0,1.2944999998580897,client_signature_tamper,1.0,0.0,80,1.0856975002752733
core_ratio_fashionmnist_noniid_adaptive_proposed_r0.1_s42_20260609_130727,core_ratio_fashionmnist_noniid_adaptive_proposed_r0.1_s42,FashionMNIST,Non-IID,adaptive_scaling,42,80,5,3,0,1.0,1.2944999998580897,payload_hash_tamper,1.0,0.0,80,0.294634999227128
core_ratio_fashionmnist_noniid_adaptive_proposed_r0.1_s43_20260609_130910,core_ratio_fashionmnist_noniid_adaptive_proposed_r0.1_s43,FashionMNIST,Non-IID,adaptive_scaling,43,80,5,3,0,1.0,1.2801050004782155,score_tamper,1.0,0.0,80,0.2992274994539912
core_ratio_fashionmnist_noniid_adaptive_proposed_r0.1_s43_20260609_130910,core_ratio_fashionmnist_noniid_adaptive_proposed_r0.1_s43,FashionMNIST,Non-IID,adaptive_scaling,43,80,5,3,0,1.0,1.2801050004782155,weight_tamper,1.0,0.0,80,0.2929762504209066
core_ratio_fashionmnist_noniid_adaptive_proposed_r0.1_s43_20260609_130910,core_ratio_fashionmnist_noniid_adaptive_proposed_r0.1_s43,FashionMNIST,Non-IID,adaptive_scaling,43,80,5,3,0,1.0,1.2801050004782155,client_weight_tamper,1.0,0.0,80,0.29096500020386884
core_ratio_fashionmnist_noniid_adaptive_proposed_r0.1_s43_20260609_130910,core_ratio_fashionmnist_noniid_adaptive_proposed_r0.1_s43,FashionMNIST,Non-IID,adaptive_scaling,43,80,5,3,0,1.0,1.2801050004782155,model_hash_tamper,1.0,0.0,80,0.29266375004226575
core_ratio_fashionmnist_noniid_adaptive_proposed_r0.1_s43_20260609_130910,core_ratio_fashionmnist_noniid_adaptive_proposed_r0.1_s43,FashionMNIST,Non-IID,adaptive_scaling,43,80,5,3,0,1.0,1.2801050004782155,previous_hash_tamper,1.0,0.0,80,0.008716251795704011
core_ratio_fashionmnist_noniid_adaptive_proposed_r0.1_s43_20260609_130910,core_ratio_fashionmnist_noniid_adaptive_proposed_r0.1_s43,FashionMNIST,Non-IID,adaptive_scaling,43,80,5,3,0,1.0,1.2801050004782155,omit_client,1.0,0.0,80,0.2893837488954887
core_ratio_fashionmnist_noniid_adaptive_proposed_r0.1_s43_20260609_130910,core_ratio_fashionmnist_noniid_adaptive_proposed_r0.1_s43,FashionMNIST,Non-IID,adaptive_scaling,43,80,5,3,0,1.0,1.2801050004782155,fake_client,1.0,0.0,80,0.3064425000047777
core_ratio_fashionmnist_noniid_adaptive_proposed_r0.1_s43_20260609_130910,core_ratio_fashionmnist_noniid_adaptive_proposed_r0.1_s43,FashionMNIST,Non-IID,adaptive_scaling,43,80,5,3,0,1.0,1.2801050004782155,client_signature_tamper,1.0,0.0,80,1.0532250003961963
core_ratio_fashionmnist_noniid_adaptive_proposed_r0.1_s43_20260609_130910,core_ratio_fashionmnist_noniid_adaptive_proposed_r0.1_s43,FashionMNIST,Non-IID,adaptive_scaling,43,80,5,3,0,1.0,1.2801050004782155,payload_hash_tamper,1.0,0.0,80,0.3093775005254429
core_ratio_fashionmnist_noniid_adaptive_proposed_r0.1_s44_20260609_131049,core_ratio_fashionmnist_noniid_adaptive_proposed_r0.1_s44,FashionMNIST,Non-IID,adaptive_scaling,44,80,5,3,0,1.0,1.3083574996926473,score_tamper,1.0,0.0,80,0.29830250059603713
core_ratio_fashionmnist_noniid_adaptive_proposed_r0.1_s44_20260609_131049,core_ratio_fashionmnist_noniid_adaptive_proposed_r0.1_s44,FashionMNIST,Non-IID,adaptive_scaling,44,80,5,3,0,1.0,1.3083574996926473,weight_tamper,1.0,0.0,80,0.29374124915193534
core_ratio_fashionmnist_noniid_adaptive_proposed_r0.1_s44_20260609_131049,core_ratio_fashionmnist_noniid_adaptive_proposed_r0.1_s44,FashionMNIST,Non-IID,adaptive_scaling,44,80,5,3,0,1.0,1.3083574996926473,client_weight_tamper,1.0,0.0,80,0.2989550008351216
core_ratio_fashionmnist_noniid_adaptive_proposed_r0.1_s44_20260609_131049,core_ratio_fashionmnist_noniid_adaptive_proposed_r0.1_s44,FashionMNIST,Non-IID,adaptive_scaling,44,80,5,3,0,1.0,1.3083574996926473,model_hash_tamper,1.0,0.0,80,0.2898462502344046
core_ratio_fashionmnist_noniid_adaptive_proposed_r0.1_s44_20260609_131049,core_ratio_fashionmnist_noniid_adaptive_proposed_r0.1_s44,FashionMNIST,Non-IID,adaptive_scaling,44,80,5,3,0,1.0,1.3083574996926473,previous_hash_tamper,1.0,0.0,80,0.008365000576304737
core_ratio_fashionmnist_noniid_adaptive_proposed_r0.1_s44_20260609_131049,core_ratio_fashionmnist_noniid_adaptive_proposed_r0.1_s44,FashionMNIST,Non-IID,adaptive_scaling,44,80,5,3,0,1.0,1.3083574996926473,omit_client,1.0,0.0,80,0.2892437512855395
core_ratio_fashionmnist_noniid_adaptive_proposed_r0.1_s44_20260609_131049,core_ratio_fashionmnist_noniid_adaptive_proposed_r0.1_s44,FashionMNIST,Non-IID,adaptive_scaling,44,80,5,3,0,1.0,1.3083574996926473,fake_client,1.0,0.0,80,0.30654999918624526
core_ratio_fashionmnist_noniid_adaptive_proposed_r0.1_s44_20260609_131049,core_ratio_fashionmnist_noniid_adaptive_proposed_r0.1_s44,FashionMNIST,Non-IID,adaptive_scaling,44,80,5,3,0,1.0,1.3083574996926473,client_signature_tamper,1.0,0.0,80,1.0734487485024147
core_ratio_fashionmnist_noniid_adaptive_proposed_r0.1_s44_20260609_131049,core_ratio_fashionmnist_noniid_adaptive_proposed_r0.1_s44,FashionMNIST,Non-IID,adaptive_scaling,44,80,5,3,0,1.0,1.3083574996926473,payload_hash_tamper,1.0,0.0,80,0.2964500010421034
core_ratio_fashionmnist_noniid_adaptive_proposed_r0.2_s42_20260609_131225,core_ratio_fashionmnist_noniid_adaptive_proposed_r0.2_s42,FashionMNIST,Non-IID,adaptive_scaling,42,80,5,3,0,1.0,1.290328749564651,score_tamper,1.0,0.0,80,0.2987699979712488
core_ratio_fashionmnist_noniid_adaptive_proposed_r0.2_s42_20260609_131225,core_ratio_fashionmnist_noniid_adaptive_proposed_r0.2_s42,FashionMNIST,Non-IID,adaptive_scaling,42,80,5,3,0,1.0,1.290328749564651,weight_tamper,1.0,0.0,80,0.29586874952656217
core_ratio_fashionmnist_noniid_adaptive_proposed_r0.2_s42_20260609_131225,core_ratio_fashionmnist_noniid_adaptive_proposed_r0.2_s42,FashionMNIST,Non-IID,adaptive_scaling,42,80,5,3,0,1.0,1.290328749564651,client_weight_tamper,1.0,0.0,80,0.29240749863674864
core_ratio_fashionmnist_noniid_adaptive_proposed_r0.2_s42_20260609_131225,core_ratio_fashionmnist_noniid_adaptive_proposed_r0.2_s42,FashionMNIST,Non-IID,adaptive_scaling,42,80,5,3,0,1.0,1.290328749564651,model_hash_tamper,1.0,0.0,80,0.2873287498005084
core_ratio_fashionmnist_noniid_adaptive_proposed_r0.2_s42_20260609_131225,core_ratio_fashionmnist_noniid_adaptive_proposed_r0.2_s42,FashionMNIST,Non-IID,adaptive_scaling,42,80,5,3,0,1.0,1.290328749564651,previous_hash_tamper,1.0,0.0,80,0.008352501390618272
core_ratio_fashionmnist_noniid_adaptive_proposed_r0.2_s42_20260609_131225,core_ratio_fashionmnist_noniid_adaptive_proposed_r0.2_s42,FashionMNIST,Non-IID,adaptive_scaling,42,80,5,3,0,1.0,1.290328749564651,omit_client,1.0,0.0,80,0.2921112496551359
core_ratio_fashionmnist_noniid_adaptive_proposed_r0.2_s42_20260609_131225,core_ratio_fashionmnist_noniid_adaptive_proposed_r0.2_s42,FashionMNIST,Non-IID,adaptive_scaling,42,80,5,3,0,1.0,1.290328749564651,fake_client,1.0,0.0,80,0.31064874929143116
core_ratio_fashionmnist_noniid_adaptive_proposed_r0.2_s42_20260609_131225,core_ratio_fashionmnist_noniid_adaptive_proposed_r0.2_s42,FashionMNIST,Non-IID,adaptive_scaling,42,80,5,3,0,1.0,1.290328749564651,client_signature_tamper,1.0,0.0,80,1.0488249994523358
core_ratio_fashionmnist_noniid_adaptive_proposed_r0.2_s42_20260609_131225,core_ratio_fashionmnist_noniid_adaptive_proposed_r0.2_s42,FashionMNIST,Non-IID,adaptive_scaling,42,80,5,3,0,1.0,1.290328749564651,payload_hash_tamper,1.0,0.0,80,0.2902250002080109
core_ratio_fashionmnist_noniid_adaptive_proposed_r0.2_s43_20260609_131403,core_ratio_fashionmnist_noniid_adaptive_proposed_r0.2_s43,FashionMNIST,Non-IID,adaptive_scaling,43,80,5,3,0,1.0,1.2936600009197718,score_tamper,1.0,0.0,80,0.29670624990103533
core_ratio_fashionmnist_noniid_adaptive_proposed_r0.2_s43_20260609_131403,core_ratio_fashionmnist_noniid_adaptive_proposed_r0.2_s43,FashionMNIST,Non-IID,adaptive_scaling,43,80,5,3,0,1.0,1.2936600009197718,weight_tamper,1.0,0.0,80,0.29744124967692187
core_ratio_fashionmnist_noniid_adaptive_proposed_r0.2_s43_20260609_131403,core_ratio_fashionmnist_noniid_adaptive_proposed_r0.2_s43,FashionMNIST,Non-IID,adaptive_scaling,43,80,5,3,0,1.0,1.2936600009197718,client_weight_tamper,1.0,0.0,80,0.2882450002289261
core_ratio_fashionmnist_noniid_adaptive_proposed_r0.2_s43_20260609_131403,core_ratio_fashionmnist_noniid_adaptive_proposed_r0.2_s43,FashionMNIST,Non-IID,adaptive_scaling,43,80,5,3,0,1.0,1.2936600009197718,model_hash_tamper,1.0,0.0,80,0.28701750034088036
core_ratio_fashionmnist_noniid_adaptive_proposed_r0.2_s43_20260609_131403,core_ratio_fashionmnist_noniid_adaptive_proposed_r0.2_s43,FashionMNIST,Non-IID,adaptive_scaling,43,80,5,3,0,1.0,1.2936600009197718,previous_hash_tamper,1.0,0.0,80,0.008519998664269224
core_ratio_fashionmnist_noniid_adaptive_proposed_r0.2_s43_20260609_131403,core_ratio_fashionmnist_noniid_adaptive_proposed_r0.2_s43,FashionMNIST,Non-IID,adaptive_scaling,43,80,5,3,0,1.0,1.2936600009197718,omit_client,1.0,0.0,80,0.2878424995287787
core_ratio_fashionmnist_noniid_adaptive_proposed_r0.2_s43_20260609_131403,core_ratio_fashionmnist_noniid_adaptive_proposed_r0.2_s43,FashionMNIST,Non-IID,adaptive_scaling,43,80,5,3,0,1.0,1.2936600009197718,fake_client,1.0,0.0,80,0.30234874957386637
core_ratio_fashionmnist_noniid_adaptive_proposed_r0.2_s43_20260609_131403,core_ratio_fashionmnist_noniid_adaptive_proposed_r0.2_s43,FashionMNIST,Non-IID,adaptive_scaling,43,80,5,3,0,1.0,1.2936600009197718,client_signature_tamper,1.0,0.0,80,1.0428549992866465
core_ratio_fashionmnist_noniid_adaptive_proposed_r0.2_s43_20260609_131403,core_ratio_fashionmnist_noniid_adaptive_proposed_r0.2_s43,FashionMNIST,Non-IID,adaptive_scaling,43,80,5,3,0,1.0,1.2936600009197718,payload_hash_tamper,1.0,0.0,80,0.29022500038990984
core_ratio_fashionmnist_noniid_adaptive_proposed_r0.2_s44_20260609_131541,core_ratio_fashionmnist_noniid_adaptive_proposed_r0.2_s44,FashionMNIST,Non-IID,adaptive_scaling,44,80,5,3,0,1.0,1.2938012498125318,score_tamper,1.0,0.0,80,0.29422750012599863
core_ratio_fashionmnist_noniid_adaptive_proposed_r0.2_s44_20260609_131541,core_ratio_fashionmnist_noniid_adaptive_proposed_r0.2_s44,FashionMNIST,Non-IID,adaptive_scaling,44,80,5,3,0,1.0,1.2938012498125318,weight_tamper,1.0,0.0,80,0.2913537493441254
core_ratio_fashionmnist_noniid_adaptive_proposed_r0.2_s44_20260609_131541,core_ratio_fashionmnist_noniid_adaptive_proposed_r0.2_s44,FashionMNIST,Non-IID,adaptive_scaling,44,80,5,3,0,1.0,1.2938012498125318,client_weight_tamper,1.0,0.0,80,0.29337124979065266
core_ratio_fashionmnist_noniid_adaptive_proposed_r0.2_s44_20260609_131541,core_ratio_fashionmnist_noniid_adaptive_proposed_r0.2_s44,FashionMNIST,Non-IID,adaptive_scaling,44,80,5,3,0,1.0,1.2938012498125318,model_hash_tamper,1.0,0.0,80,0.301376249990426
core_ratio_fashionmnist_noniid_adaptive_proposed_r0.2_s44_20260609_131541,core_ratio_fashionmnist_noniid_adaptive_proposed_r0.2_s44,FashionMNIST,Non-IID,adaptive_scaling,44,80,5,3,0,1.0,1.2938012498125318,previous_hash_tamper,1.0,0.0,80,0.008981250721262768
core_ratio_fashionmnist_noniid_adaptive_proposed_r0.2_s44_20260609_131541,core_ratio_fashionmnist_noniid_adaptive_proposed_r0.2_s44,FashionMNIST,Non-IID,adaptive_scaling,44,80,5,3,0,1.0,1.2938012498125318,omit_client,1.0,0.0,80,0.28840000049967784
core_ratio_fashionmnist_noniid_adaptive_proposed_r0.2_s44_20260609_131541,core_ratio_fashionmnist_noniid_adaptive_proposed_r0.2_s44,FashionMNIST,Non-IID,adaptive_scaling,44,80,5,3,0,1.0,1.2938012498125318,fake_client,1.0,0.0,80,0.3059749999010819
core_ratio_fashionmnist_noniid_adaptive_proposed_r0.2_s44_20260609_131541,core_ratio_fashionmnist_noniid_adaptive_proposed_r0.2_s44,FashionMNIST,Non-IID,adaptive_scaling,44,80,5,3,0,1.0,1.2938012498125318,client_signature_tamper,1.0,0.0,80,1.0520937494220561
core_ratio_fashionmnist_noniid_adaptive_proposed_r0.2_s44_20260609_131541,core_ratio_fashionmnist_noniid_adaptive_proposed_r0.2_s44,FashionMNIST,Non-IID,adaptive_scaling,44,80,5,3,0,1.0,1.2938012498125318,payload_hash_tamper,1.0,0.0,80,0.29574250074801967
core_ratio_fashionmnist_noniid_adaptive_proposed_r0.4_s42_20260609_131720,core_ratio_fashionmnist_noniid_adaptive_proposed_r0.4_s42,FashionMNIST,Non-IID,adaptive_scaling,42,80,5,3,0,1.0,1.2904550010716775,score_tamper,1.0,0.0,80,0.29240124949865276
core_ratio_fashionmnist_noniid_adaptive_proposed_r0.4_s42_20260609_131720,core_ratio_fashionmnist_noniid_adaptive_proposed_r0.4_s42,FashionMNIST,Non-IID,adaptive_scaling,42,80,5,3,0,1.0,1.2904550010716775,weight_tamper,1.0,0.0,80,0.2934112497314345
core_ratio_fashionmnist_noniid_adaptive_proposed_r0.4_s42_20260609_131720,core_ratio_fashionmnist_noniid_adaptive_proposed_r0.4_s42,FashionMNIST,Non-IID,adaptive_scaling,42,80,5,3,0,1.0,1.2904550010716775,client_weight_tamper,1.0,0.0,80,0.2905749994170037
core_ratio_fashionmnist_noniid_adaptive_proposed_r0.4_s42_20260609_131720,core_ratio_fashionmnist_noniid_adaptive_proposed_r0.4_s42,FashionMNIST,Non-IID,adaptive_scaling,42,80,5,3,0,1.0,1.2904550010716775,model_hash_tamper,1.0,0.0,80,0.28881375001219567
core_ratio_fashionmnist_noniid_adaptive_proposed_r0.4_s42_20260609_131720,core_ratio_fashionmnist_noniid_adaptive_proposed_r0.4_s42,FashionMNIST,Non-IID,adaptive_scaling,42,80,5,3,0,1.0,1.2904550010716775,previous_hash_tamper,1.0,0.0,80,0.008166250700014643
core_ratio_fashionmnist_noniid_adaptive_proposed_r0.4_s42_20260609_131720,core_ratio_fashionmnist_noniid_adaptive_proposed_r0.4_s42,FashionMNIST,Non-IID,adaptive_scaling,42,80,5,3,0,1.0,1.2904550010716775,omit_client,1.0,0.0,80,0.2794237492707907
core_ratio_fashionmnist_noniid_adaptive_proposed_r0.4_s42_20260609_131720,core_ratio_fashionmnist_noniid_adaptive_proposed_r0.4_s42,FashionMNIST,Non-IID,adaptive_scaling,42,80,5,3,0,1.0,1.2904550010716775,fake_client,1.0,0.0,80,0.31148000016401056
core_ratio_fashionmnist_noniid_adaptive_proposed_r0.4_s42_20260609_131720,core_ratio_fashionmnist_noniid_adaptive_proposed_r0.4_s42,FashionMNIST,Non-IID,adaptive_scaling,42,80,5,3,0,1.0,1.2904550010716775,client_signature_tamper,1.0,0.0,80,1.0422050008855877
core_ratio_fashionmnist_noniid_adaptive_proposed_r0.4_s42_20260609_131720,core_ratio_fashionmnist_noniid_adaptive_proposed_r0.4_s42,FashionMNIST,Non-IID,adaptive_scaling,42,80,5,3,0,1.0,1.2904550010716775,payload_hash_tamper,1.0,0.0,80,0.2893187496738392
core_ratio_fashionmnist_noniid_adaptive_proposed_r0.4_s43_20260609_131859,core_ratio_fashionmnist_noniid_adaptive_proposed_r0.4_s43,FashionMNIST,Non-IID,adaptive_scaling,43,80,5,3,0,1.0,1.2777649995769025,score_tamper,1.0,0.0,80,0.2952800014099921
core_ratio_fashionmnist_noniid_adaptive_proposed_r0.4_s43_20260609_131859,core_ratio_fashionmnist_noniid_adaptive_proposed_r0.4_s43,FashionMNIST,Non-IID,adaptive_scaling,43,80,5,3,0,1.0,1.2777649995769025,weight_tamper,1.0,0.0,80,0.28717249970213743
core_ratio_fashionmnist_noniid_adaptive_proposed_r0.4_s43_20260609_131859,core_ratio_fashionmnist_noniid_adaptive_proposed_r0.4_s43,FashionMNIST,Non-IID,adaptive_scaling,43,80,5,3,0,1.0,1.2777649995769025,client_weight_tamper,1.0,0.0,80,0.2881662496292847
core_ratio_fashionmnist_noniid_adaptive_proposed_r0.4_s43_20260609_131859,core_ratio_fashionmnist_noniid_adaptive_proposed_r0.4_s43,FashionMNIST,Non-IID,adaptive_scaling,43,80,5,3,0,1.0,1.2777649995769025,model_hash_tamper,1.0,0.0,80,0.2878212495488697
core_ratio_fashionmnist_noniid_adaptive_proposed_r0.4_s43_20260609_131859,core_ratio_fashionmnist_noniid_adaptive_proposed_r0.4_s43,FashionMNIST,Non-IID,adaptive_scaling,43,80,5,3,0,1.0,1.2777649995769025,previous_hash_tamper,1.0,0.0,80,0.008255000102508347
core_ratio_fashionmnist_noniid_adaptive_proposed_r0.4_s43_20260609_131859,core_ratio_fashionmnist_noniid_adaptive_proposed_r0.4_s43,FashionMNIST,Non-IID,adaptive_scaling,43,80,5,3,0,1.0,1.2777649995769025,omit_client,1.0,0.0,80,0.27985249889752595
core_ratio_fashionmnist_noniid_adaptive_proposed_r0.4_s43_20260609_131859,core_ratio_fashionmnist_noniid_adaptive_proposed_r0.4_s43,FashionMNIST,Non-IID,adaptive_scaling,43,80,5,3,0,1.0,1.2777649995769025,fake_client,1.0,0.0,80,0.29925250019005034
core_ratio_fashionmnist_noniid_adaptive_proposed_r0.4_s43_20260609_131859,core_ratio_fashionmnist_noniid_adaptive_proposed_r0.4_s43,FashionMNIST,Non-IID,adaptive_scaling,43,80,5,3,0,1.0,1.2777649995769025,client_signature_tamper,1.0,0.0,80,1.0357462508181925
core_ratio_fashionmnist_noniid_adaptive_proposed_r0.4_s43_20260609_131859,core_ratio_fashionmnist_noniid_adaptive_proposed_r0.4_s43,FashionMNIST,Non-IID,adaptive_scaling,43,80,5,3,0,1.0,1.2777649995769025,payload_hash_tamper,1.0,0.0,80,0.29643499983649235
core_ratio_fashionmnist_noniid_adaptive_proposed_r0.4_s44_20260609_132040,core_ratio_fashionmnist_noniid_adaptive_proposed_r0.4_s44,FashionMNIST,Non-IID,adaptive_scaling,44,80,5,3,0,1.0,1.2676375003138673,score_tamper,1.0,0.0,80,0.28987749974476174
core_ratio_fashionmnist_noniid_adaptive_proposed_r0.4_s44_20260609_132040,core_ratio_fashionmnist_noniid_adaptive_proposed_r0.4_s44,FashionMNIST,Non-IID,adaptive_scaling,44,80,5,3,0,1.0,1.2676375003138673,weight_tamper,1.0,0.0,80,0.28766749946953496
core_ratio_fashionmnist_noniid_adaptive_proposed_r0.4_s44_20260609_132040,core_ratio_fashionmnist_noniid_adaptive_proposed_r0.4_s44,FashionMNIST,Non-IID,adaptive_scaling,44,80,5,3,0,1.0,1.2676375003138673,client_weight_tamper,1.0,0.0,80,0.2862987501430325
core_ratio_fashionmnist_noniid_adaptive_proposed_r0.4_s44_20260609_132040,core_ratio_fashionmnist_noniid_adaptive_proposed_r0.4_s44,FashionMNIST,Non-IID,adaptive_scaling,44,80,5,3,0,1.0,1.2676375003138673,model_hash_tamper,1.0,0.0,80,0.2881637505197432
core_ratio_fashionmnist_noniid_adaptive_proposed_r0.4_s44_20260609_132040,core_ratio_fashionmnist_noniid_adaptive_proposed_r0.4_s44,FashionMNIST,Non-IID,adaptive_scaling,44,80,5,3,0,1.0,1.2676375003138673,previous_hash_tamper,1.0,0.0,80,0.008269998943433166
core_ratio_fashionmnist_noniid_adaptive_proposed_r0.4_s44_20260609_132040,core_ratio_fashionmnist_noniid_adaptive_proposed_r0.4_s44,FashionMNIST,Non-IID,adaptive_scaling,44,80,5,3,0,1.0,1.2676375003138673,omit_client,1.0,0.0,80,0.27810500159830553
core_ratio_fashionmnist_noniid_adaptive_proposed_r0.4_s44_20260609_132040,core_ratio_fashionmnist_noniid_adaptive_proposed_r0.4_s44,FashionMNIST,Non-IID,adaptive_scaling,44,80,5,3,0,1.0,1.2676375003138673,fake_client,1.0,0.0,80,0.30494125003315276
core_ratio_fashionmnist_noniid_adaptive_proposed_r0.4_s44_20260609_132040,core_ratio_fashionmnist_noniid_adaptive_proposed_r0.4_s44,FashionMNIST,Non-IID,adaptive_scaling,44,80,5,3,0,1.0,1.2676375003138673,client_signature_tamper,1.0,0.0,80,1.0449112502101343
core_ratio_fashionmnist_noniid_adaptive_proposed_r0.4_s44_20260609_132040,core_ratio_fashionmnist_noniid_adaptive_proposed_r0.4_s44,FashionMNIST,Non-IID,adaptive_scaling,44,80,5,3,0,1.0,1.2676375003138673,payload_hash_tamper,1.0,0.0,80,0.30093375007709255
